days_from_start,date_string,Central_Delta_and_Franks_Tract_7_5,Central_Delta_and_Franks_Tract_7_25,Central_Delta_and_Franks_Tract_7_50,Central_Delta_and_Franks_Tract_7_75,Central_Delta_and_Franks_Tract_7_95,Upper_Sacramento_River_7_5,Upper_Sacramento_River_7_25,Upper_Sacramento_River_7_50,Upper_Sacramento_River_7_75,Upper_Sacramento_River_7_95,North_and_South_Forks_Mokelumne_River_7_5,North_and_South_Forks_Mokelumne_River_7_25,North_and_South_Forks_Mokelumne_River_7_50,North_and_South_Forks_Mokelumne_River_7_75,North_and_South_Forks_Mokelumne_River_7_95,South_Delta_7_5,South_Delta_7_25,South_Delta_7_50,South_Delta_7_75,South_Delta_7_95,Cache_Slough_Complex_7_5,Cache_Slough_Complex_7_25,Cache_Slough_Complex_7_50,Cache_Slough_Complex_7_75,Cache_Slough_Complex_7_95,Confluence_7_5,Confluence_7_25,Confluence_7_50,Confluence_7_75,Confluence_7_95,Suisun_Bay_7_5,Suisun_Bay_7_25,Suisun_Bay_7_50,Suisun_Bay_7_75,Suisun_Bay_7_95,Carquinez_Strait_7_5,Carquinez_Strait_7_25,Carquinez_Strait_7_50,Carquinez_Strait_7_75,Carquinez_Strait_7_95,Suisun_Marsh_7_5,Suisun_Marsh_7_25,Suisun_Marsh_7_50,Suisun_Marsh_7_75,Suisun_Marsh_7_95,San_Pablo_Bay_7_5,San_Pablo_Bay_7_25,San_Pablo_Bay_7_50,San_Pablo_Bay_7_75,San_Pablo_Bay_7_95,Petaluma_7_5,Petaluma_7_25,Petaluma_7_50,Petaluma_7_75,Petaluma_7_95,South_SF_Bay_7_5,South_SF_Bay_7_25,South_SF_Bay_7_50,South_SF_Bay_7_75,South_SF_Bay_7_95,Central_SF_Bay_7_5,Central_SF_Bay_7_25,Central_SF_Bay_7_50,Central_SF_Bay_7_75,Central_SF_Bay_7_95,Lower_South_SF_Bay_7_5,Lower_South_SF_Bay_7_25,Lower_South_SF_Bay_7_50,Lower_South_SF_Bay_7_75,Lower_South_SF_Bay_7_95,Napa_Sonoma_7_5,Napa_Sonoma_7_25,Napa_Sonoma_7_50,Napa_Sonoma_7_75,Napa_Sonoma_7_95,CVP_7_5,CVP_7_25,CVP_7_50,CVP_7_75,CVP_7_95,SWP_7_5,SWP_7_25,SWP_7_50,SWP_7_75,SWP_7_95,Central_Delta_and_Franks_Tract_5_5,Central_Delta_and_Franks_Tract_5_25,Central_Delta_and_Franks_Tract_5_50,Central_Delta_and_Franks_Tract_5_75,Central_Delta_and_Franks_Tract_5_95,Upper_Sacramento_River_5_5,Upper_Sacramento_River_5_25,Upper_Sacramento_River_5_50,Upper_Sacramento_River_5_75,Upper_Sacramento_River_5_95,North_and_South_Forks_Mokelumne_River_5_5,North_and_South_Forks_Mokelumne_River_5_25,North_and_South_Forks_Mokelumne_River_5_50,North_and_South_Forks_Mokelumne_River_5_75,North_and_South_Forks_Mokelumne_River_5_95,South_Delta_5_5,South_Delta_5_25,South_Delta_5_50,South_Delta_5_75,South_Delta_5_95,Cache_Slough_Complex_5_5,Cache_Slough_Complex_5_25,Cache_Slough_Complex_5_50,Cache_Slough_Complex_5_75,Cache_Slough_Complex_5_95,Confluence_5_5,Confluence_5_25,Confluence_5_50,Confluence_5_75,Confluence_5_95,Suisun_Bay_5_5,Suisun_Bay_5_25,Suisun_Bay_5_50,Suisun_Bay_5_75,Suisun_Bay_5_95,Carquinez_Strait_5_5,Carquinez_Strait_5_25,Carquinez_Strait_5_50,Carquinez_Strait_5_75,Carquinez_Strait_5_95,Suisun_Marsh_5_5,Suisun_Marsh_5_25,Suisun_Marsh_5_50,Suisun_Marsh_5_75,Suisun_Marsh_5_95,San_Pablo_Bay_5_5,San_Pablo_Bay_5_25,San_Pablo_Bay_5_50,San_Pablo_Bay_5_75,San_Pablo_Bay_5_95,Petaluma_5_5,Petaluma_5_25,Petaluma_5_50,Petaluma_5_75,Petaluma_5_95,South_SF_Bay_5_5,South_SF_Bay_5_25,South_SF_Bay_5_50,South_SF_Bay_5_75,South_SF_Bay_5_95,Central_SF_Bay_5_5,Central_SF_Bay_5_25,Central_SF_Bay_5_50,Central_SF_Bay_5_75,Central_SF_Bay_5_95,Lower_South_SF_Bay_5_5,Lower_South_SF_Bay_5_25,Lower_South_SF_Bay_5_50,Lower_South_SF_Bay_5_75,Lower_South_SF_Bay_5_95,Napa_Sonoma_5_5,Napa_Sonoma_5_25,Napa_Sonoma_5_50,Napa_Sonoma_5_75,Napa_Sonoma_5_95,CVP_5_5,CVP_5_25,CVP_5_50,CVP_5_75,CVP_5_95,SWP_5_5,SWP_5_25,SWP_5_50,SWP_5_75,SWP_5_95
1,15687,0,0,0,0,0,0,0,0,0,0,0,0,0,0,0,0,0,0,0,0,0,0,0,0,0,0,0,0,0,0,0,0,0,0,0,0,0,0,0,0,0,0,0,0,0,0,0,0,0,0,0,0,0,0,0,0,0,0,0,0,0,0,0,0,0,0,0,0,0,0,0,0,0,0,0,0,0,0,0,0,0,0,0,0,0,0,0,0,0,0,0,0,0,0,0,0,0,0,0,0,0,0,0,0,0,0,0,0,0,0,0,0,0,0,0,0,0,0,0,0,0,0,0,0,0,0,0,0,0,0,0,0,0,0,0,0,0,0,0,0,0,0,0,0,0,0,0,0,0,0,0,0,0,0,0,0,0,0,0,0,0,0,0,0,0,0,0,0,0,0
2,15688,0,0,0,0,0,0,0,0,0,0,0,0,0,0,0,0,0,0,0,0,0,0,0,0,0,0,0,0,0,0,0,0,0,0,0,0,0,0,0,0,0,0,0,0,0,0,0,0,0,0,0,0,0,0,0,0,0,0,0,0,0,0,0,0,0,0,0,0,0,0,0,0,0,0,0,0,0,0,0,0,0,0,0,0,0,0,0,0,0,0,0,0,0,0,0,0,0,0,0,0,0,0,0,0,0,0,0,0,0,0,0,0,0,0,0,0,0,0,0,0,0,0,0,0,0,0,0,0,0,0,0,0,0,0,0,0,0,0,0,0,0,0,0,0,0,0,0,0,0,0,0,0,0,0,0,0,0,0,0,0,0,0,0,0,0,0,0,0,0,0
3,15689,0,0,0,0,0,0,0,0,0,0,0,0,0,0,0,0,0,0,0,0,0,0,0,0,0,0,0,0,0,0,0,0,0,0,0,0,0,0,0,0,0,0,0,0,0,0,0,0,0,0,0,0,0,0,0,0,0,0,0,0,0,0,0,0,0,0,0,0,0,0,0,0,0,0,0,0,0,0,0,0,0,0,0,0,0,0,0,0,0,0,0,0,0,0,0,0,0,0,0,0,0,0,0,0,0,0,0,0,0,0,0,0,0,0,0,0,0,0,0,0,0,0,0,0,0,0,0,0,0,0,0,0,0,0,0,0,0,0,0,0,0,0,0,0,0,0,0,0,0,0,0,0,0,0,0,0,0,0,0,0,0,0,0,0,0,0,0,0,0,0
4,15690,0,0,0,0,0,0,0,0,0,0,0,0,0,0,0,0,0,0,0,0,0,0,0,0,0,0,0,0,0,0,0,0,0,0,0,0,0,0,0,0,0,0,0,0,0,0,0,0,0,0,0,0,0,0,0,0,0,0,0,0,0,0,0,0,0,0,0,0,0,0,0,0,0,0,0,0,0,0,0,0,0,0,0,0,0,0,0,0,0,0,0,0,0,0,0,0,0,0,0,0,0,0,0,0,0,0,0,0,0,0,0,0,0,0,0,0,0,0,0,0,0,0,0,0,0,0,0,0,0,0,0,0,0,0,0,0,0,0,0,0,0,0,0,0,0,0,0,0,0,0,0,0,0,0,0,0,0,0,0,0,0,0,0,0,0,0,0,0,0,0
5,15691,0,0,0,0,0,0,0,0,0,0,0,0,0,0,0,0,0,0,0,0,0,0,0,0,0,0,0,0,0,0,0,0,0,0,0,0,0,0,0,0,0,0,0,0,0,0,0,0,0,0,0,0,0,0,0,0,0,0,0,0,0,0,0,0,0,0,0,0,0,0,0,0,0,0,0,0,0,0,0,0,0,0,0,0,0,0,0,0,0,0,0,0,0,0,0,0,0,0,0,0,0,0,0,0,0,0,0,0,0,0,0,0,0,0,0,0,0,0,0,0,0,0,0,0,0,0,0,0,0,0,0,0,0,0,0,0,0,0,0,0,0,0,0,0,0,0,0,0,0,0,0,0,0,0,0,0,0,0,0,0,0,0,0,0,0,0,0,0,0,0
6,15692,0,0,0,0,0,0,0,0,0,0,0,0,0,0,0,0,0,0,0,0,0,0,0,0,0,0,0,0,0,0,0,0,0,0,0,0,0,0,0,0,0,0,0,0,0,0,0,0,0,0,0,0,0,0,0,0,0,0,0,0,0,0,0,0,0,0,0,0,0,0,0,0,0,0,0,0,0,0,0,0,0,0,0,0,0,0,0,0,0,0,0,0,0,0,0,0,0,0,0,0,0,0,0,0,0,0,0,0,0,0,0,0,0,0,0,0,0,0,0,0,0,0,0,0,0,0,0,0,0,0,0,0,0,0,0,0,0,0,0,0,0,0,0,0,0,0,0,0,0,0,0,0,0,0,0,0,0,0,0,0,0,0,0,0,0,0,0,0,0,0
7,15693,0,0,0,0,0,0,0,0,0,0,0,0,0,0,0,0,0,0,0,0,0,0,0,0,0,0,0,0,0,0,0,0,0,0,0,0,0,0,0,0,0,0,0,0,0,0,0,0,0,0,0,0,0,0,0,0,0,0,0,0,0,0,0,0,0,0,0,0,0,0,0,0,0,0,0,0,0,0,0,0,0,0,0,0,0,0,0,0,0,0,0,0,0,0,0,0,0,0,0,0,0,0,0,0,0,0,0,0,0,0,0,0,0,0,0,0,0,0,0,0,0,0,0,0,0,0,0,0,0,0,0,0,0,0,0,0,0,0,0,0,0,0,0,0,0,0,0,0,0,0,0,0,0,0,0,0,0,0,0,0,0,0,0,0,0,0,0,0,0,0
8,15694,0,0,0,0,0,0,0,0,0,0,0,0,0,0,0,0,0,0,0,0,0,0,0,0,0,0,0,0,0,0,0,0,0,0,0,0,0,0,0,0,0,0,0,0,0,0,0,0,0,0,0,0,0,0,0,0,0,0,0,0,0,0,0,0,0,0,0,0,0,0,0,0,0,0,0,0,0,0,0,0,0,0,0,0,0,0,0,0,0,0,0,0,0,0,0,0,0,0,0,0,0,0,0,0,0,0,0,0,0,0,0,0,0,0,0,0,0,0,0,0,0,0,0,0,0,0,0,0,0,0,0,0,0,0,0,0,0,0,0,0,0,0,0,0,0,0,0,0,0,0,0,0,0,0,0,0,0,0,0,0,0,0,0,0,0,0,0,0,0,0
9,15695,0,0,0,0,0,0,0,0,0,0,0,0,0,0,0,0,0,0,0,0,0,0,0,0,0,0,0,0,0,0,0,0,0,0,0,0,0,0,0,0,0,0,0,0,0,0,0,0,0,0,0,0,0,0,0,0,0,0,0,0,0,0,0,0,0,0,0,0,0,0,0,0,0,0,0,0,0,0,0,0,0,0,0,0,0,0,0,0,0,0,0,0,0,0,0,0,0,0,0,0,0,0,0,0,0,0,0,0,0,0,0,0,0,0,0,0,0,0,0,0,0,0,0,0,0,0,0,0,0,0,0,0,0,0,0,0,0,0,0,0,0,0,0,0,0,0,0,0,0,0,0,0,0,0,0,0,0,0,0,0,0,0,0,0,0,0,0,0,0,0
10,15696,0,0,0,0,0,0,0,0,0,0,0,0,0,0,0,0,0,0,0,0,0,0,0,0,0,0,0,0,0,0,0,0,0,0,0,0,0,0,0,0,0,0,0,0,0,0,0,0,0,0,0,0,0,0,0,0,0,0,0,0,0,0,0,0,0,0,0,0,0,0,0,0,0,0,0,0,0,0,0,0,0,0,0,0,0,0,0,0,0,0,0,0,0,0,0,0,0,0,0,0,0,0,0,0,0,0,0,0,0,0,0,0,0,0,0,0,0,0,0,0,0,0,0,0,0,0,0,0,0,0,0,0,0,0,0,0,0,0,0,0,0,0,0,0,0,0,0,0,0,0,0,0,0,0,0,0,0,0,0,0,0,0,0,0,0,0,0,0,0,0
11,15697,0,0,0,0,0,0,0,0,0,0,0,0,0,0,0,0,0,0,0,0,0,0,0,0,0,0,0,0,0,0,0,0,0,0,0,0,0,0,0,0,0,0,0,0,0,0,0,0,0,0,0,0,0,0,0,0,0,0,0,0,0,0,0,0,0,0,0,0,0,0,0,0,0,0,0,0,0,0,0,0,0,0,0,0,0,0,0,0,0,0,0,0,0,0,0,0,0,0,0,0,0,0,0,0,0,0,0,0,0,0,0,0,0,0,0,0,0,0,0,0,0,0,0,0,0,0,0,0,0,0,0,0,0,0,0,0,0,0,0,0,0,0,0,0,0,0,0,0,0,0,0,0,0,0,0,0,0,0,0,0,0,0,0,0,0,0,0,0,0,0
12,15698,0,0,0,0,0,0,0,0,0,0,0,0,0,0,0,0,0,0,0,0,0,0,0,0,0,0,0,0,0,0,0,0,0,0,0,0,0,0,0,0,0,0,0,0,0,0,0,0,0,0,0,0,0,0,0,0,0,0,0,0,0,0,0,0,0,0,0,0,0,0,0,0,0,0,0,0,0,0,0,0,0,0,0,0,0,0,0,0,0,0,0,0,0,0,0,0,0,0,0,0,0,0,0,0,0,0,0,0,0,0,0,0,0,0,0,0,0,0,0,0,0,0,0,0,0,0,0,0,0,0,0,0,0,0,0,0,0,0,0,0,0,0,0,0,0,0,0,0,0,0,0,0,0,0,0,0,0,0,0,0,0,0,0,0,0,0,0,0,0,0
13,15699,0,0,0,0,0,0,0,0,0,0,0,0,0,0,0,0,0,0,0,0,0,0,0,0,0,0,0,0,0,0,0,0,0,0,0,0,0,0,0,0,0,0,0,0,0,0,0,0,0,0,0,0,0,0,0,0,0,0,0,0,0,0,0,0,0,0,0,0,0,0,0,0,0,0,0,0,0,0,0,0,0,0,0,0,0,0,0,0,0,0,0,0,0,0,0,0,0,0,0,0,0,0,0,0,0,0,0,0,0,0,0,0,0,0,0,0,0,0,0,0,0,0,0,0,0,0,0,0,0,0,0,0,0,0,0,0,0,0,0,0,0,0,0,0,0,0,0,0,0,0,0,0,0,0,0,0,0,0,0,0,0,0,0,0,0,0,0,0,0,0
14,15700,0,0,0,0,0,0,0,0,0,0,0,0,0,0,0,0,0,0,0,0,0,0,0,0,0,0,0,0,0,0,0,0,0,0,0,0,0,0,0,0,0,0,0,0,0,0,0,0,0,0,0,0,0,0,0,0,0,0,0,0,0,0,0,0,0,0,0,0,0,0,0,0,0,0,0,0,0,0,0,0,0,0,0,0,0,0,0,0,0,0,0,0,0,0,0,0,0,0,0,0,0,0,0,0,0,0,0,0,0,0,0,0,0,0,0,0,0,0,0,0,0,0,0,0,0,0,0,0,0,0,0,0,0,0,0,0,0,0,0,0,0,0,0,0,0,0,0,0,0,0,0,0,0,0,0,0,0,0,0,0,0,0,0,0,0,0,0,0,0,0
15,15701,0,0,0,0,0,0,0,0,0,0,0,0,0,0,0,0,0,0,0,0,0,0,0,0,0,0,0,0,0,0,0,0,0,0,0,0,0,0,0,0,0,0,0,0,0,0,0,0,0,0,0,0,0,0,0,0,0,0,0,0,0,0,0,0,0,0,0,0,0,0,0,0,0,0,0,0,0,0,0,0,0,0,0,0,0,0,0,0,0,0,0,0,0,0,0,0,0,0,0,0,0,0,0,0,0,0,0,0,0,0,0,0,0,0,0,0,0,0,0,0,0,0,0,0,0,0,0,0,0,0,0,0,0,0,0,0,0,0,0,0,0,0,0,0,0,0,0,0,0,0,0,0,0,0,0,0,0,0,0,0,0,0,0,0,0,0,0,0,0,0
16,15702,0,0,0,0,0,0,0,0,0,0,0,0,0,0,0,0,0,0,0,0,0,0,0,0,0,0,0,0,0,0,0,0,0,0,0,0,0,0,0,0,0,0,0,0,0,0,0,0,0,0,0,0,0,0,0,0,0,0,0,0,0,0,0,0,0,0,0,0,0,0,0,0,0,0,0,0,0,0,0,0,0,0,0,0,0,0,0,0,0,0,0,0,0,0,0,0,0,0,0,0,0,0,0,0,0,0,0,0,0,0,0,0,0,0,0,0,0,0,0,0,0,0,0,0,0,0,0,0,0,0,0,0,0,0,0,0,0,0,0,0,0,0,0,0,0,0,0,0,0,0,0,0,0,0,0,0,0,0,0,0,0,0,0,0,0,0,0,0,0,0
17,15703,0,0,0,0,0,0,0,0,0,0,0,0,0,0,0,0,0,0,0,0,0,0,0,0,0,0,0,0,0,0,0,0,0,0,0,0,0,0,0,0,0,0,0,0,0,0,0,0,0,0,0,0,0,0,0,0,0,0,0,0,0,0,0,0,0,0,0,0,0,0,0,0,0,0,0,0,0,0,0,0,0,0,0,0,0,0,0,0,0,0,0,0,0,0,0,0,0,0,0,0,0,0,0,0,0,0,0,0,0,0,0,0,0,0,0,0,0,0,0,0,0,0,0,0,0,0,0,0,0,0,0,0,0,0,0,0,0,0,0,0,0,0,0,0,0,0,0,0,0,0,0,0,0,0,0,0,0,0,0,0,0,0,0,0,0,0,0,0,0,0
18,15704,0,0,0,0,0,0,0,0,0,0,0,0,0,0,0,0,0,0,0,0,0,0,0,0,0,0,0,0,0,0,0,0,0,0,0,0,0,0,0,0,0,0,0,0,0,0,0,0,0,0,0,0,0,0,0,0,0,0,0,0,0,0,0,0,0,0,0,0,0,0,0,0,0,0,0,0,0,0,0,0,0,0,0,0,0,0,0,0,0,0,0,0,0,0,0,0,0,0,0,0,0,0,0,0,0,0,0,0,0,0,0,0,0,0,0,0,0,0,0,0,0,0,0,0,0,0,0,0,0,0,0,0,0,0,0,0,0,0,0,0,0,0,0,0,0,0,0,0,0,0,0,0,0,0,0,0,0,0,0,0,0,0,0,0,0,0,0,0,0,0
19,15705,0,0,0,0,0,0,0,0,0,0,0,0,0,0,0,0,0,0,0,0,0,0,0,0,0,0,0,0,0,0,0,0,0,0,0,0,0,0,0,0,0,0,0,0,0,0,0,0,0,0,0,0,0,0,0,0,0,0,0,0,0,0,0,0,0,0,0,0,0,0,0,0,0,0,0,0,0,0,0,0,0,0,0,0,0,0,0,0,0,0,0,0,0,0,0,0,0,0,0,0,0,0,0,0,0,0,0,0,0,0,0,0,0,0,0,0,0,0,0,0,0,0,0,0,0,0,0,0,0,0,0,0,0,0,0,0,0,0,0,0,0,0,0,0,0,0,0,0,0,0,0,0,0,0,0,0,0,0,0,0,0,0,0,0,0,0,0,0,0,0
20,15706,0,0,0,0,0,0,0,0,0,0,0,0,0,0,0,0,0,0,0,0,0,0,0,0,0,0,0,0,0,0,0,0,0,0,0,0,0,0,0,0,0,0,0,0,0,0,0,0,0,0,0,0,0,0,0,0,0,0,0,0,0,0,0,0,0,0,0,0,0,0,0,0,0,0,0,0,0,0,0,0,0,0,0,0,0,0,0,0,0,0,0,0,0,0,0,0,0,0,0,0,0,0,0,0,0,0,0,0,0,0,0,0,0,0,0,0,0,0,0,0,0,0,0,0,0,0,0,0,0,0,0,0,0,0,0,0,0,0,0,0,0,0,0,0,0,0,0,0,0,0,0,0,0,0,0,0,0,0,0,0,0,0,0,0,0,0,0,0,0,0
21,15707,0,0,0,0,0,0,0,0,0,0,0,0,0,0,0,0,0,0,0,0,0,0,0,0,0,0,0,0,0,0,0,0,0,0,0,0,0,0,0,0,0,0,0,0,0,0,0,0,0,0,0,0,0,0,0,0,0,0,0,0,0,0,0,0,0,0,0,0,0,0,0,0,0,0,0,0,0,0,0,0,0,0,0,0,0,0,0,0,0,0,0,0,0,0,0,0,0,0,0,0,0,0,0,0,0,0,0,0,0,0,0,0,0,0,0,0,0,0,0,0,0,0,0,0,0,0,0,0,0,0,0,0,0,0,0,0,0,0,0,0,0,0,0,0,0,0,0,0,0,0,0,0,0,0,0,0,0,0,0,0,0,0,0,0,0,0,0,0,0,0
22,15708,0,0,0,0,0,0,0,0,0,0,0,0,0,0,0,0,0,0,0,0,0,0,0,0,0,0,0,0,0,0,0,0,0,0,0,0,0,0,0,0,0,0,0,0,0,0,0,0,0,0,0,0,0,0,0,0,0,0,0,0,0,0,0,0,0,0,0,0,0,0,0,0,0,0,0,0,0,0,0,0,0,0,0,0,0,0,0,0,0,0,0,0,0,0,0,0,0,0,0,0,0,0,0,0,0,0,0,0,0,0,0,0,0,0,0,0,0,0,0,0,0,0,0,0,0,0,0,0,0,0,0,0,0,0,0,0,0,0,0,0,0,0,0,0,0,0,0,0,0,0,0,0,0,0,0,0,0,0,0,0,0,0,0,0,0,0,0,0,0,0
23,15709,0,0,0,0,0,0,0,0,0,0,0,0,0,0,0,0,0,0,0,0,0,0,0,0,0,0,0,0,0,0,0,0,0,0,0,0,0,0,0,0,0,0,0,0,0,0,0,0,0,0,0,0,0,0,0,0,0,0,0,0,0,0,0,0,0,0,0,0,0,0,0,0,0,0,0,0,0,0,0,0,0,0,0,0,0,0,0,0,0,0,0,0,0,0,0,0,0,0,0,0,0,0,0,0,0,0,0,0,0,0,0,0,0,0,0,0,0,0,0,0,0,0,0,0,0,0,0,0,0,0,0,0,0,0,0,0,0,0,0,0,0,0,0,0,0,0,0,0,0,0,0,0,0,0,0,0,0,0,0,0,0,0,0,0,0,0,0,0,0,0
24,15710,0,0,0,0,0,0,0,0,0,0,0,0,0,0,0,0,0,0,0,0,0,0,0,0,0,0,0,0,0,0,0,0,0,0,0,0,0,0,0,0,0,0,0,0,0,0,0,0,0,0,0,0,0,0,0,0,0,0,0,0,0,0,0,0,0,0,0,0,0,0,0,0,0,0,0,0,0,0,0,0,0,0,0,0,0,0,0,0,0,0,0,0,0,0,0,0,0,0,0,0,0,0,0,0,0,0,0,0,0,0,0,0,0,0,0,0,0,0,0,0,0,0,0,0,0,0,0,0,0,0,0,0,0,0,0,0,0,0,0,0,0,0,0,0,0,0,0,0,0,0,0,0,0,0,0,0,0,0,0,0,0,0,0,0,0,0,0,0,0,0
25,15711,0,0,0,0,0,0,0,0,0,0,0,0,0,0,0,0,0,0,0,0,0,0,0,0,0,0,0,0,0,0,0,0,0,0,0,0,0,0,0,0,0,0,0,0,0,0,0,0,0,0,0,0,0,0,0,0,0,0,0,0,0,0,0,0,0,0,0,0,0,0,0,0,0,0,0,0,0,0,0,0,0,0,0,0,0,0,0,0,0,0,0,0,0,0,0,0,0,0,0,0,0,0,0,0,0,0,0,0,0,0,0,0,0,0,0,0,0,0,0,0,0,0,0,0,0,0,0,0,0,0,0,0,0,0,0,0,0,0,0,0,0,0,0,0,0,0,0,0,0,0,0,0,0,0,0,0,0,0,0,0,0,0,0,0,0,0,0,0,0,0
26,15712,0,0,0,0,0,0,0,0,0,0,0,0,0,0,0,0,0,0,0,0,0,0,0,0,0,0,0,0,0,0,0,0,0,0,0,0,0,0,0,0,0,0,0,0,0,0,0,0,0,0,0,0,0,0,0,0,0,0,0,0,0,0,0,0,0,0,0,0,0,0,0,0,0,0,0,0,0,0,0,0,0,0,0,0,0,0,0,0,0,0,0,0,0,0,0,0,0,0,0,0,0,0,0,0,0,0,0,0,0,0,0,0,0,0,0,0,0,0,0,0,0,0,0,0,0,0,0,0,0,0,0,0,0,0,0,0,0,0,0,0,0,0,0,0,0,0,0,0,0,0,0,0,0,0,0,0,0,0,0,0,0,0,0,0,0,0,0,0,0,0
27,15713,0,0,0,0,0,0,0,0,0,0,0,0,0,0,0,0,0,0,0,0,0,0,0,0,0,0,0,0,0,0,0,0,0,0,0,0,0,0,0,0,0,0,0,0,0,0,0,0,0,0,0,0,0,0,0,0,0,0,0,0,0,0,0,0,0,0,0,0,0,0,0,0,0,0,0,0,0,0,0,0,0,0,0,0,0,0,0,0,0,0,0,0,0,0,0,0,0,0,0,0,0,0,0,0,0,0,0,0,0,0,0,0,0,0,0,0,0,0,0,0,0,0,0,0,0,0,0,0,0,0,0,0,0,0,0,0,0,0,0,0,0,0,0,0,0,0,0,0,0,0,0,0,0,0,0,0,0,0,0,0,0,0,0,0,0,0,0,0,0,0
28,15714,0,0,0,0,0,0,0,0,0,0,0,0,0,0,0,0,0,0,0,0,0,0,0,0,0,0,0,0,0,0,0,0,0,0,0,0,0,0,0,0,0,0,0,0,0,0,0,0,0,0,0,0,0,0,0,0,0,0,0,0,0,0,0,0,0,0,0,0,0,0,0,0,0,0,0,0,0,0,0,0,0,0,0,0,0,0,0,0,0,0,0,0,0,0,0,0,0,0,0,0,0,0,0,0,0,0,0,0,0,0,0,0,0,0,0,0,0,0,0,0,0,0,0,0,0,0,0,0,0,0,0,0,0,0,0,0,0,0,0,0,0,0,0,0,0,0,0,0,0,0,0,0,0,0,0,0,0,0,0,0,0,0,0,0,0,0,0,0,0,0
29,15715,0,0,0,0,0,0,0,0,0,0,0,0,0,0,0,0,0,0,0,0,0,0,0,0,0,0,0,0,0,0,0,0,0,0,0,0,0,0,0,0,0,0,0,0,0,0,0,0,0,0,0,0,0,0,0,0,0,0,0,0,0,0,0,0,0,0,0,0,0,0,0,0,0,0,0,0,0,0,0,0,0,0,0,0,0,0,0,0,0,0,0,0,0,0,0,0,0,0,0,0,0,0,0,0,0,0,0,0,0,0,0,0,0,0,0,0,0,0,0,0,0,0,0,0,0,0,0,0,0,0,0,0,0,0,0,0,0,0,0,0,0,0,0,0,0,0,0,0,0,0,0,0,0,0,0,0,0,0,0,0,0,0,0,0,0,0,0,0,0,0
30,15716,0,0,0,0,0,0,0,0,0,0,0,0,0,0,0,0,0,0,0,0,0,0,0,0,0,0,0,0,0,0,0,0,0,0,0,0,0,0,0,0,0,0,0,0,0,0,0,0,0,0,0,0,0,0,0,0,0,0,0,0,0,0,0,0,0,0,0,0,0,0,0,0,0,0,0,0,0,0,0,0,0,0,0,0,0,0,0,0,0,0,0,0,0,0,0,0,0,0,0,0,0,0,0,0,0,0,0,0,0,0,0,0,0,0,0,0,0,0,0,0,0,0,0,0,0,0,0,0,0,0,0,0,0,0,0,0,0,0,0,0,0,0,0,0,0,0,0,0,0,0,0,0,0,0,0,0,0,0,0,0,0,0,0,0,0,0,0,0,0,0
31,15717,0,0,0,0,0,0,0,0,0,0,0,0,0,0,0,0,0,0,0,0,0,0,0,0,0,0,0,0,0,0,0,0,0,0,0,0,0,0,0,0,0,0,0,0,0,0,0,0,0,0,0,0,0,0,0,0,0,0,0,0,0,0,0,0,0,0,0,0,0,0,0,0,0,0,0,0,0,0,0,0,0,0,0,0,0,0,0,0,0,0,0,0,0,0,0,0,0,0,0,0,0,0,0,0,0,0,0,0,0,0,0,0,0,0,0,0,0,0,0,0,0,0,0,0,0,0,0,0,0,0,0,0,0,0,0,0,0,0,0,0,0,0,0,0,0,0,0,0,0,0,0,0,0,0,0,0,0,0,0,0,0,0,0,0,0,0,0,0,0,0
32,15718,0,0,0,0,0,0,0,0,0,0,0,0,0,0,0,0,0,0,0,0,0,0,0,0,0,0,0,0,0,0,0,0,0,0,0,0,0,0,0,0,0,0,0,0,0,0,0,0,0,0,0,0,0,0,0,0,0,0,0,0,0,0,0,0,0,0,0,0,0,0,0,0,0,0,0,0,0,0,0,0,0,0,0,0,0,0,0,0,0,0,0,0,0,0,0,0,0,0,0,0,0,0,0,0,0,0,0,0,0,0,0,0,0,0,0,0,0,0,0,0,0,0,0,0,0,0,0,0,0,0,0,0,0,0,0,0,0,0,0,0,0,0,0,0,0,0,0,0,0,0,0,0,0,0,0,0,0,0,0,0,0,0,0,0,0,0,0,0,0,0
33,15719,0,0,0,0,0,0,0,0,0,0,0,0,0,0,0,0,0,0,0,0,0,0,0,0,0,0,0,0,0,0,0,0,0,0,0,0,0,0,0,0,0,0,0,0,0,0,0,0,0,0,0,0,0,0,0,0,0,0,0,0,0,0,0,0,0,0,0,0,0,0,0,0,0,0,0,0,0,0,0,0,0,0,0,0,0,0,0,0,0,0,0,0,0,0,0,0,0,0,0,0,0,0,0,0,0,0,0,0,0,0,0,0,0,0,0,0,0,0,0,0,0,0,0,0,0,0,0,0,0,0,0,0,0,0,0,0,0,0,0,0,0,0,0,0,0,0,0,0,0,0,0,0,0,0,0,0,0,0,0,0,0,0,0,0,0,0,0,0,0,0
34,15720,0,0,0,0,0,0,0,0,0,0,0,0,0,0,0,0,0,0,0,0,0,0,0,0,0,0,0,0,0,0,0,0,0,0,0,0,0,0,0,0,0,0,0,0,0,0,0,0,0,0,0,0,0,0,0,0,0,0,0,0,0,0,0,0,0,0,0,0,0,0,0,0,0,0,0,0,0,0,0,0,0,0,0,0,0,0,0,0,0,0,0,0,0,0,0,0,0,0,0,0,0,0,0,0,0,0,0,0,0,0,0,0,0,0,0,0,0,0,0,0,0,0,0,0,0,0,0,0,0,0,0,0,0,0,0,0,0,0,0,0,0,0,0,0,0,0,0,0,0,0,0,0,0,0,0,0,0,0,0,0,0,0,0,0,0,0,0,0,0,0
35,15721,0,0,0,0,0,0,0,0,0,0,0,0,0,0,0,0,0,0,0,0,0,0,0,0,0,0,0,0,0,0,0,0,0,0,0,0,0,0,0,0,0,0,0,0,0,0,0,0,0,0,0,0,0,0,0,0,0,0,0,0,0,0,0,0,0,0,0,0,0,0,0,0,0,0,0,0,0,0,0,0,0,0,0,0,0,0,0,0,0,0,0,0,0,0,0,0,0,0,0,0,0,0,0,0,0,0,0,0,0,0,0,0,0,0,0,0,0,0,0,0,0,0,0,0,0,0,0,0,0,0,0,0,0,0,0,0,0,0,0,0,0,0,0,0,0,0,0,0,0,0,0,0,0,0,0,0,0,0,0,0,0,0,0,0,0,0,0,0,0,0
36,15722,0,0,0,0,0,0,0,0,0,0,0,0,0,0,0,0,0,0,0,0,0,0,0,0,0,0,0,0,0,0,0,0,0,0,0,0,0,0,0,0,0,0,0,0,0,0,0,0,0,0,0,0,0,0,0,0,0,0,0,0,0,0,0,0,0,0,0,0,0,0,0,0,0,0,0,0,0,0,0,0,0,0,0,0,0,0,0,0,0,0,0,0,0,0,0,0,0,0,0,0,0,0,0,0,0,0,0,0,0,0,0,0,0,0,0,0,0,0,0,0,0,0,0,0,0,0,0,0,0,0,0,0,0,0,0,0,0,0,0,0,0,0,0,0,0,0,0,0,0,0,0,0,0,0,0,0,0,0,0,0,0,0,0,0,0,0,0,0,0,0
37,15723,0,0,0,0,0,0,0,0,0,0,0,0,0,0,0,0,0,0,0,0,0,0,0,0,0,0,0,0,0,0,0,0,0,0,0,0,0,0,0,0,0,0,0,0,0,0,0,0,0,0,0,0,0,0,0,0,0,0,0,0,0,0,0,0,0,0,0,0,0,0,0,0,0,0,0,0,0,0,0,0,0,0,0,0,0,0,0,0,0,0,0,0,0,0,0,0,0,0,0,0,0,0,0,0,0,0,0,0,0,0,0,0,0,0,0,0,0,0,0,0,0,0,0,0,0,0,0,0,0,0,0,0,0,0,0,0,0,0,0,0,0,0,0,0,0,0,0,0,0,0,0,0,0,0,0,0,0,0,0,0,0,0,0,0,0,0,0,0,0,0
38,15724,0,0,0,0,0,0,0,0,0,0,0,0,0,0,0,0,0,0,0,0,0,0,0,0,0,0,0,0,0,0,0,0,0,0,0,0,0,0,0,0,0,0,0,0,0,0,0,0,0,0,0,0,0,0,0,0,0,0,0,0,0,0,0,0,0,0,0,0,0,0,0,0,0,0,0,0,0,0,0,0,0,0,0,0,0,0,0,0,0,0,0,0,0,0,0,0,0,0,0,0,0,0,0,0,0,0,0,0,0,0,0,0,0,0,0,0,0,0,0,0,0,0,0,0,0,0,0,0,0,0,0,0,0,0,0,0,0,0,0,0,0,0,0,0,0,0,0,0,0,0,0,0,0,0,0,0,0,0,0,0,0,0,0,0,0,0,0,0,0,0
39,15725,0,0,0,0,0,0,0,0,0,0,0,0,0,0,0,0,0,0,0,0,0,0,0,0,0,0,0,0,0,0,0,0,0,0,0,0,0,0,0,0,0,0,0,0,0,0,0,0,0,0,0,0,0,0,0,0,0,0,0,0,0,0,0,0,0,0,0,0,0,0,0,0,0,0,0,0,0,0,0,0,0,0,0,0,0,0,0,0,0,0,0,0,0,0,0,0,0,0,0,0,0,0,0,0,0,0,0,0,0,0,0,0,0,0,0,0,0,0,0,0,0,0,0,0,0,0,0,0,0,0,0,0,0,0,0,0,0,0,0,0,0,0,0,0,0,0,0,0,0,0,0,0,0,0,0,0,0,0,0,0,0,0,0,0,0,0,0,0,0,0
40,15726,0,0,0,0,0,0,0,0,0,0,0,0,0,0,0,0,0,0,0,0,0,0,0,0,0,0,0,0,0,0,0,0,0,0,0,0,0,0,0,0,0,0,0,0,0,0,0,0,0,0,0,0,0,0,0,0,0,0,0,0,0,0,0,0,0,0,0,0,0,0,0,0,0,0,0,0,0,0,0,0,0,0,0,0,0,0,0,0,0,0,0,0,0,0,0,0,0,0,0,0,0,0,0,0,0,0,0,0,0,0,0,0,0,0,0,0,0,0,0,0,0,0,0,0,0,0,0,0,0,0,0,0,0,0,0,0,0,0,0,0,0,0,0,0,0,0,0,0,0,0,0,0,0,0,0,0,0,0,0,0,0,0,0,0,0,0,0,0,0,0
41,15727,0,0,0,0,0,0,0,0,0,0,0,0,0,0,0,0,0,0,0,0,0,0,0,0,0,0,0,0,0,0,0,0,0,0,0,0,0,0,0,0,0,0,0,0,0,0,0,0,0,0,0,0,0,0,0,0,0,0,0,0,0,0,0,0,0,0,0,0,0,0,0,0,0,0,0,0,0,0,0,0,0,0,0,0,0,0,0,0,0,0,0,0,0,0,0,0,0,0,0,0,0,0,0,0,0,0,0,0,0,0,0,0,0,0,0,0,0,0,0,0,0,0,0,0,0,0,0,0,0,0,0,0,0,0,0,0,0,0,0,0,0,0,0,0,0,0,0,0,0,0,0,0,0,0,0,0,0,0,0,0,0,0,0,0,0,0,0,0,0,0
42,15728,0,0,0,0,0,0,0,0,0,0,0,0,0,0,0,0,0,0,0,0,0,0,0,0,0,0,0,0,0,0,0,0,0,0,0,0,0,0,0,0,0,0,0,0,0,0,0,0,0,0,0,0,0,0,0,0,0,0,0,0,0,0,0,0,0,0,0,0,0,0,0,0,0,0,0,0,0,0,0,0,0,0,0,0,0,0,0,0,0,0,0,0,0,0,0,0,0,0,0,0,0,0,0,0,0,0,0,0,0,0,0,0,0,0,0,0,0,0,0,0,0,0,0,0,0,0,0,0,0,0,0,0,0,0,0,0,0,0,0,0,0,0,0,0,0,0,0,0,0,0,0,0,0,0,0,0,0,0,0,0,0,0,0,0,0,0,0,0,0,0
43,15729,0,0,0,0,0,0,0,0,0,0,0,0,0,0,0,0,0,0,0,0,0,0,0,0,0,0,0,0,0,0,0,0,0,0,0,0,0,0,0,0,0,0,0,0,0,0,0,0,0,0,0,0,0,0,0,0,0,0,0,0,0,0,0,0,0,0,0,0,0,0,0,0,0,0,0,0,0,0,0,0,0,0,0,0,0,0,0,0,0,0,0,0,0,0,0,0,0,0,0,0,0,0,0,0,0,0,0,0,0,0,0,0,0,0,0,0,0,0,0,0,0,0,0,0,0,0,0,0,0,0,0,0,0,0,0,0,0,0,0,0,0,0,0,0,0,0,0,0,0,0,0,0,0,0,0,0,0,0,0,0,0,0,0,0,0,0,0,0,0,0
44,15730,0,0,0,0,0,0,0,0,0,0,0,0,0,0,0,0,0,0,0,0,0,0,0,0,0,0,0,0,0,0,0,0,0,0,0,0,0,0,0,0,0,0,0,0,0,0,0,0,0,0,0,0,0,0,0,0,0,0,0,0,0,0,0,0,0,0,0,0,0,0,0,0,0,0,0,0,0,0,0,0,0,0,0,0,0,0,0,0,0,0,0,0,0,0,0,0,0,0,0,0,0,0,0,0,0,0,0,0,0,0,0,0,0,0,0,0,0,0,0,0,0,0,0,0,0,0,0,0,0,0,0,0,0,0,0,0,0,0,0,0,0,0,0,0,0,0,0,0,0,0,0,0,0,0,0,0,0,0,0,0,0,0,0,0,0,0,0,0,0,0
45,15731,0,0,0,0,0,0,0,0,0,0,0,0,0,0,0,0,0,0,0,0,0,0,0,0,0,0,0,0,0,0,0,0,0,0,0,0,0,0,0,0,0,0,0,0,0,0,0,0,0,0,0,0,0,0,0,0,0,0,0,0,0,0,0,0,0,0,0,0,0,0,0,0,0,0,0,0,0,0,0,0,0,0,0,0,0,0,0,0,0,0,0,0,0,0,0,0,0,0,0,0,0,0,0,0,0,0,0,0,0,0,0,0,0,0,0,0,0,0,0,0,0,0,0,0,0,0,0,0,0,0,0,0,0,0,0,0,0,0,0,0,0,0,0,0,0,0,0,0,0,0,0,0,0,0,0,0,0,0,0,0,0,0,0,0,0,0,0,0,0,0
46,15732,0,0,0,0,0,0,0,0,0,0,0,0,0,0,0,0,0,0,0,0,0,0,0,0,0,0,0,0,0,0,0,0,0,0,0,0,0,0,0,0,0,0,0,0,0,0,0,0,0,0,0,0,0,0,0,0,0,0,0,0,0,0,0,0,0,0,0,0,0,0,0,0,0,0,0,0,0,0,0,0,0,0,0,0,0,0,0,0,0,0,0,0,0,0,0,0,0,0,0,0,0,0,0,0,0,0,0,0,0,0,0,0,0,0,0,0,0,0,0,0,0,0,0,0,0,0,0,0,0,0,0,0,0,0,0,0,0,0,0,0,0,0,0,0,0,0,0,0,0,0,0,0,0,0,0,0,0,0,0,0,0,0,0,0,0,0,0,0,0,0
47,15733,0,0,0,0,0,0,0,0,0,0,0,0,0,0,0,0,0,0,0,0,0,0,0,0,0,0,0,0,0,0,0,0,0,0,0,0,0,0,0,0,0,0,0,0,0,0,0,0,0,0,0,0,0,0,0,0,0,0,0,0,0,0,0,0,0,0,0,0,0,0,0,0,0,0,0,0,0,0,0,0,0,0,0,0,0,0,0,0,0,0,0,0,0,0,0,0,0,0,0,0,0,0,0,0,0,0,0,0,0,0,0,0,0,0,0,0,0,0,0,0,0,0,0,0,0,0,0,0,0,0,0,0,0,0,0,0,0,0,0,0,0,0,0,0,0,0,0,0,0,0,0,0,0,0,0,0,0,0,0,0,0,0,0,0,0,0,0,0,0,0
48,15734,0,0,0,0,0,0,0,0,0,0,0,0,0,0,0,0,0,0,0,0,0,0,0,0,0,0,0,0,0,0,0,0,0,0,0,0,0,0,0,0,0,0,0,0,0,0,0,0,0,0,0,0,0,0,0,0,0,0,0,0,0,0,0,0,0,0,0,0,0,0,0,0,0,0,0,0,0,0,0,0,0,0,0,0,0,0,0,0,0,0,0,0,0,0,0,0,0,0,0,0,0,0,0,0,0,0,0,0,0,0,0,0,0,0,0,0,0,0,0,0,0,0,0,0,0,0,0,0,0,0,0,0,0,0,0,0,0,0,0,0,0,0,0,0,0,0,0,0,0,0,0,0,0,0,0,0,0,0,0,0,0,0,0,0,0,0,0,0,0,0
49,15735,0,0,0,0,0,0,0,0,0,0,0,0,0,0,0,0,0,0,0,0,0,0,0,0,0,0,0,0,0,0,0,0,0,0,0,0,0,0,0,0,0,0,0,0,0,0,0,0,0,0,0,0,0,0,0,0,0,0,0,0,0,0,0,0,0,0,0,0,0,0,0,0,0,0,0,0,0,0,0,0,0,0,0,0,0,0,0,0,0,0,0,0,0,0,0,0,0,0,0,0,0,0,0,0,0,0,0,0,0,0,0,0,0,0,0,0,0,0,0,0,0,0,0,0,0,0,0,0,0,0,0,0,0,0,0,0,0,0,0,0,0,0,0,0,0,0,0,0,0,0,0,0,0,0,0,0,0,0,0,0,0,0,0,0,0,0,0,0,0,0
50,15736,0,0,0,0,0,0,0,0,0,0,0,0,0,0,0,0,0,0,0,0,0,0,0,0,0,0,0,0,0,0,0,0,0,0,0,0,0,0,0,0,0,0,0,0,0,0,0,0,0,0,0,0,0,0,0,0,0,0,0,0,0,0,0,0,0,0,0,0,0,0,0,0,0,0,0,0,0,0,0,0,0,0,0,0,0,0,0,0,0,0,0,0,0,0,0,0,0,0,0,0,0,0,0,0,0,0,0,0,0,0,0,0,0,0,0,0,0,0,0,0,0,0,0,0,0,0,0,0,0,0,0,0,0,0,0,0,0,0,0,0,0,0,0,0,0,0,0,0,0,0,0,0,0,0,0,0,0,0,0,0,0,0,0,0,0,0,0,0,0,0
51,15737,0,0,0,0,0,0,0,0,0,0,0,0,0,0,0,0,0,0,0,0,0,0,0,0,0,0,0,0,0,0,0,0,0,0,0,0,0,0,0,0,0,0,0,0,0,0,0,0,0,0,0,0,0,0,0,0,0,0,0,0,0,0,0,0,0,0,0,0,0,0,0,0,0,0,0,0,0,0,0,0,0,0,0,0,0,0,0,0,0,0,0,0,0,0,0,0,0,0,0,0,0,0,0,0,0,0,0,0,0,0,0,0,0,0,0,0,0,0,0,0,0,0,0,0,0,0,0,0,0,0,0,0,0,0,0,0,0,0,0,0,0,0,0,0,0,0,0,0,0,0,0,0,0,0,0,0,0,0,0,0,0,0,0,0,0,0,0,0,0,0
52,15738,0,0,0,0,0,0,0,0,0,0,0,0,0,0,0,0,0,0,0,0,0,0,0,0,0,0,0,0,0,0,0,0,0,0,0,0,0,0,0,0,0,0,0,0,0,0,0,0,0,0,0,0,0,0,0,0,0,0,0,0,0,0,0,0,0,0,0,0,0,0,0,0,0,0,0,0,0,0,0,0,0,0,0,0,0,0,0,0,0,0,0,0,0,0,0,0,0,0,0,0,0,0,0,0,0,0,0,0,0,0,0,0,0,0,0,0,0,0,0,0,0,0,0,0,0,0,0,0,0,0,0,0,0,0,0,0,0,0,0,0,0,0,0,0,0,0,0,0,0,0,0,0,0,0,0,0,0,0,0,0,0,0,0,0,0,0,0,0,0,0
53,15739,0,0,0,0,0,0,0,0,0,0,0,0,0,0,0,0,0,0,0,0,0,0,0,0,0,0,0,0,0,0,0,0,0,0,0,0,0,0,0,0,0,0,0,0,0,0,0,0,0,0,0,0,0,0,0,0,0,0,0,0,0,0,0,0,0,0,0,0,0,0,0,0,0,0,0,0,0,0,0,0,0,0,0,0,0,0,0,0,0,0,0,0,0,0,0,0,0,0,0,0,0,0,0,0,0,0,0,0,0,0,0,0,0,0,0,0,0,0,0,0,0,0,0,0,0,0,0,0,0,0,0,0,0,0,0,0,0,0,0,0,0,0,0,0,0,0,0,0,0,0,0,0,0,0,0,0,0,0,0,0,0,0,0,0,0,0,0,0,0,0
54,15740,0,0,0,0,0,0,0,0,0,0,0,0,0,0,0,0,0,0,0,0,0,0,0,0,0,0,0,0,0,0,0,0,0,0,0,0,0,0,0,0,0,0,0,0,0,0,0,0,0,0,0,0,0,0,0,0,0,0,0,0,0,0,0,0,0,0,0,0,0,0,0,0,0,0,0,0,0,0,0,0,0,0,0,0,0,0,0,0,0,0,0,0,0,0,0,0,0,0,0,0,0,0,0,0,0,0,0,0,0,0,0,0,0,0,0,0,0,0,0,0,0,0,0,0,0,0,0,0,0,0,0,0,0,0,0,0,0,0,0,0,0,0,0,0,0,0,0,0,0,0,0,0,0,0,0,0,0,0,0,0,0,0,0,0,0,0,0,0,0,0
55,15741,0,0,0,0,0,0,0,0,0,0,0,0,0,0,0,0,0,0,0,0,0,0,0,0,0,0,0,0,0,0,0,0,0,0,0,0,0,0,0,0,0,0,0,0,0,0,0,0,0,0,0,0,0,0,0,0,0,0,0,0,0,0,0,0,0,0,0,0,0,0,0,0,0,0,0,0,0,0,0,0,0,0,0,0,0,0,0,0,0,0,0,0,0,0,0,0,0,0,0,0,0,0,0,0,0,0,0,0,0,0,0,0,0,0,0,0,0,0,0,0,0,0,0,0,0,0,0,0,0,0,0,0,0,0,0,0,0,0,0,0,0,0,0,0,0,0,0,0,0,0,0,0,0,0,0,0,0,0,0,0,0,0,0,0,0,0,0,0,0,0
56,15742,0,0,0,0,0,0,0,0,0,0,0,0,0,0,0,0,0,0,0,0,0,0,0,0,0,0,0,0,0,0,0,0,0,0,0,0,0,0,0,0,0,0,0,0,0,0,0,0,0,0,0,0,0,0,0,0,0,0,0,0,0,0,0,0,0,0,0,0,0,0,0,0,0,0,0,0,0,0,0,0,0,0,0,0,0,0,0,0,0,0,0,0,0,0,0,0,0,0,0,0,0,0,0,0,0,0,0,0,0,0,0,0,0,0,0,0,0,0,0,0,0,0,0,0,0,0,0,0,0,0,0,0,0,0,0,0,0,0,0,0,0,0,0,0,0,0,0,0,0,0,0,0,0,0,0,0,0,0,0,0,0,0,0,0,0,0,0,0,0,0
57,15743,0,0,0,0,0,0,0,0,0,0,0,0,0,0,0,0,0,0,0,0,0,0,0,0,0,0,0,0,0,0,0,0,0,0,0,0,0,0,0,0,0,0,0,0,0,0,0,0,0,0,0,0,0,0,0,0,0,0,0,0,0,0,0,0,0,0,0,0,0,0,0,0,0,0,0,0,0,0,0,0,0,0,0,0,0,0,0,0,0,0,0,0,0,0,0,0,0,0,0,0,0,0,0,0,0,0,0,0,0,0,0,0,0,0,0,0,0,0,0,0,0,0,0,0,0,0,0,0,0,0,0,0,0,0,0,0,0,0,0,0,0,0,0,0,0,0,0,0,0,0,0,0,0,0,0,0,0,0,0,0,0,0,0,0,0,0,0,0,0,0
58,15744,0,0,0,0,0,0,0,0,0,0,0,0,0,0,0,0,0,0,0,0,0,0,0,0,0,0,0,0,0,0,0,0,0,0,0,0,0,0,0,0,0,0,0,0,0,0,0,0,0,0,0,0,0,0,0,0,0,0,0,0,0,0,0,0,0,0,0,0,0,0,0,0,0,0,0,0,0,0,0,0,0,0,0,0,0,0,0,0,0,0,0,0,0,0,0,0,0,0,0,0,0,0,0,0,0,0,0,0,0,0,0,0,0,0,0,0,0,0,0,0,0,0,0,0,0,0,0,0,0,0,0,0,0,0,0,0,0,0,0,0,0,0,0,0,0,0,0,0,0,0,0,0,0,0,0,0,0,0,0,0,0,0,0,0,0,0,0,0,0,0
59,15745,0,0,0,0,0,0,0,0,0,0,0,0,0,0,0,0,0,0,0,0,0,0,0,0,0,0,0,0,0,0,0,0,0,0,0,0,0,0,0,0,0,0,0,0,0,0,0,0,0,0,0,0,0,0,0,0,0,0,0,0,0,0,0,0,0,0,0,0,0,0,0,0,0,0,0,0,0,0,0,0,0,0,0,0,0,0,0,0,0,0,0,0,0,0,0,0,0,0,0,0,0,0,0,0,0,0,0,0,0,0,0,0,0,0,0,0,0,0,0,0,0,0,0,0,0,0,0,0,0,0,0,0,0,0,0,0,0,0,0,0,0,0,0,0,0,0,0,0,0,0,0,0,0,0,0,0,0,0,0,0,0,0,0,0,0,0,0,0,0,0
60,15746,0,0,0,0,0,0,0,0,0,0,0,0,0,0,0,0,0,0,0,0,0,0,0,0,0,0,0,0,0,0,0,0,0,0,0,0,0,0,0,0,0,0,0,0,0,0,0,0,0,0,0,0,0,0,0,0,0,0,0,0,0,0,0,0,0,0,0,0,0,0,0,0,0,0,0,0,0,0,0,0,0,0,0,0,0,0,0,0,0,0,0,0,0,0,0,0,0,0,0,0,0,0,0,0,0,0,0,0,0,0,0,0,0,0,0,0,0,0,0,0,0,0,0,0,0,0,0,0,0,0,0,0,0,0,0,0,0,0,0,0,0,0,0,0,0,0,0,0,0,0,0,0,0,0,0,0,0,0,0,0,0,0,0,0,0,0,0,0,0,0
61,15747,0,0,0,0,0,0,0,0,0,0,0,0,0,0,0,0,0,0,0,0,0,0,0,0,0,0,0,0,0,0,0,0,0,0,0,0,0,0,0,0,0,0,0,0,0,0,0,0,0,0,0,0,0,0,0,0,0,0,0,0,0,0,0,0,0,0,0,0,0,0,0,0,0,0,0,0,0,0,0,0,0,0,0,0,0,0,0,0,0,0,0,0,0,0,0,0,0,0,0,0,0,0,0,0,0,0,0,0,0,0,0,0,0,0,0,0,0,0,0,0,0,0,0,0,0,0,0,0,0,0,0,0,0,0,0,0,0,0,0,0,0,0,0,0,0,0,0,0,0,0,0,0,0,0,0,0,0,0,0,0,0,0,0,0,0,0,0,0,0,0
62,15748,0,0,0,0,0,0,0,0,0,0,0,0,0,0,0,0,0,0,0,0,0,0,0,0,0,0,0,0,0,0,0,0,0,0,0,0,0,0,0,0,0,0,0,0,0,0,0,0,0,0,0,0,0,0,0,0,0,0,0,0,0,0,0,0,0,0,0,0,0,0,0,0,0,0,0,0,0,0,0,0,0,0,0,0,0,4244809.569,9301132.421,16397600.7,29002298.93,65853911.17,2865982.086,14272296.66,39172437.93,93449011.65,325472887.2,1764900.569,4782290.099,9768492.761,21401799.91,58929414.42,955785.0282,3271068.285,7499224.727,16028736.87,46985854.92,56823557.81,223128380.6,556032006.3,1010680231,1560800713,97102191.88,189523574.1,286217885.9,416695992.7,671634776.2,290496121.3,452498452,599185128.4,799749826.5,1207735416,95744945.73,182872867.5,267521002.1,377226769.6,620388147.1,4912125.946,10223908.33,149125172.3,1940136992,3147102579,28039709.81,63913824.41,109651823.4,174684407.7,349183948.6,0,0,0,0,0,0,0,0,0,0,673534.4804,2229443.345,4498844.588,7945005.192,16875389.9,0,0,0,0,0,3079139.795,7156068.9,10969860.3,16224891.24,28766900.43,13867.49812,68722.54352,174432.9296,387906.996,1167313.301,0,0,0,0,0
63,15749,0,0,0,0,0,0,0,0,0,0,0,0,0,0,0,0,0,0,0,0,0,0,0,0,0,0,0,0,0,0,0,0,0,0,0,0,0,0,0,0,0,0,0,0,0,0,0,0,0,0,0,0,0,0,0,0,0,0,0,0,0,0,0,0,0,0,0,0,0,0,0,0,0,0,0,0,0,0,0,0,0,0,0,0,0,5567996.137,11960400.6,20271340.28,34961832.56,76820875.24,2017947.828,10016487.05,27443538.96,65473404.97,227797278.6,2043422.415,5583417.189,11365108.69,24880251.33,69169683.32,1153762.836,3476907.075,7758230.305,16189913.05,46096412.25,62066824.03,228576330.3,550050682.3,990481206.2,1527274278,105592162.7,197861692.5,301521913,432318886.7,673150180.3,282909564,436294886.2,581610456.6,750310434,1097975403,124441733.6,208291736.1,290966025.9,399551566.6,642027103.2,4726009.47,9661497.961,140376959.3,1827700039,2964707906,61863990.36,114017512.5,169703100.3,248505457.3,451731098.6,0,0,0,0,0,51936.32806,270320.0555,592245.3547,1084807.348,2369800.316,5470417.087,12984041.07,22162579.32,35307395.05,70430620.44,0,0,0,0,0,2109171.225,4002725.649,5945607.915,8715344.195,15657092.28,24638.19985,122098.431,309912.6709,689189.2115,2073950.049,0,0,0,0,0
64,15750,0,0,0,0,0,0,0,0,0,0,0,0,0,0,0,0,0,0,0,0,0,0,0,0,0,0,0,0,0,0,0,0,0,0,0,0,0,0,0,0,0,0,0,0,0,0,0,0,0,0,0,0,0,0,0,0,0,0,0,0,0,0,0,0,0,0,0,0,0,0,0,0,0,0,0,0,0,0,0,0,0,0,0,0,0,6734163.752,14117122.41,23877315.91,39448579.84,84749040.83,1573077.961,7742616.597,21202097.34,50588290.3,175818479.3,2139494.898,5770299.74,11827761.49,25795999.36,72342635.96,1375404.666,3849188.753,8247503.907,16726839.25,46197867.65,64035539.09,230555397.4,546105425.5,980034968.3,1511204688,115969801.1,208541809.5,317038784,452755217,689424952.5,273606172.1,421029996.8,565882202.6,723168495.3,1058044192,128117347.5,203824347.5,278083870,378682447.8,598259729,5489245.086,10588978.32,137852752.5,1772891612,2875206439,75825012.22,127519102.7,178869023.6,252691301.1,440792819,0,0,0,0,0,60172.64723,313188.7438,686166.5454,1256841.451,2745614.943,23456890.08,43900574.48,66179553.37,97636915.52,179049102.6,0,0,0,0,0,2741591.085,4702395.764,6625429.807,9250091.436,15627868.39,34544.81068,171192.1816,434523.407,966300.7435,2907850.908,0,0,0,0,0
65,15751,0,0,0,0,0,0,0,0,0,0,0,0,0,0,0,0,0,0,0,0,0,0,0,0,0,0,0,0,0,0,0,0,0,0,0,0,0,0,0,0,0,0,0,0,0,0,0,0,0,0,0,0,0,0,0,0,0,0,0,0,0,0,0,0,0,0,0,0,0,0,0,0,0,0,0,0,0,0,0,0,0,0,0,0,0,8897091.24,18673155.02,31421898.87,50069265.18,98422231.64,1390960.997,6794962.043,18582482.32,44334031.94,154030885.4,2233315.51,5894700.035,12187668.98,26373010.41,74787786.31,1675909.783,4426265.268,9002067.087,17653643.95,47388771.52,65374171.22,231149145.2,545874605,977073447.9,1505048346,121626830.9,215805195,324201637.9,462354474.1,693749482.2,262764552.8,399861480.9,532954315.1,683479156.4,996825190.1,116621966.6,182624652.5,245412176,329868059.8,516367170.8,4136410.274,9015910.066,136937999.2,1793316996,2908837409,82089514.87,133725405.1,182400298.2,252478179.1,423396752,0,0,0,0,0,250533.8904,629428.0509,1118044.089,1843771.704,3812407.421,40619075.22,70574092.99,100138701.1,142420357.9,252374310.8,0,0,0,0,0,3173897.966,5229924.431,7159510.01,9850988.623,15987117.5,43580.42792,215969.588,548178.3124,1219048.507,3668434.836,0,0,0,0,0
66,15752,0,0,0,0,0,0,0,0,0,0,0,0,0,0,0,0,0,0,0,0,0,0,0,0,0,0,0,0,0,0,0,0,0,0,0,0,0,0,0,0,0,0,0,0,0,0,0,0,0,0,0,0,0,0,0,0,0,0,0,0,0,0,0,0,0,0,0,0,0,0,0,0,0,0,0,0,0,0,0,0,0,0,0,0,0,12875010.2,24856720.57,40435936.5,62853620.53,115978786,1222656.257,5961829.76,16187720.75,38616577.6,134110695.5,2372501.743,6095389.69,12482327.08,26873108.74,76365403.04,1928958.082,4815040.789,9535835.976,18239323.93,47365140.84,65064382.29,230509889,540820159.1,967470227.4,1489879129,142473213.4,234211313.1,337369038.9,471401583.8,699751681.8,263886815.7,395172431,519791565.4,672516050.7,984669384.4,96870470.26,149346055.3,199041971,267052708.8,415681354.2,4605242.127,9939780.657,139262082.6,1808317680,2933056144,81426970.79,131544833.4,177718520.7,244181342.4,399516378.6,0,0,0,0,0,427767.9516,821743.2374,1327641.193,2072224.847,4226944.939,53689293.15,89063529.68,123434676.6,172484484.8,292694846.8,0,0,0,0,0,3222229.705,5831185.37,8404935.89,11753980.31,19220825.24,52919.13587,262249.0075,665645.6574,1480274.441,4454531.788,0,0,0,0,0
67,15753,0,0,0,0,0,0,0,0,0,0,0,0,0,0,0,0,0,0,0,0,0,0,0,0,0,0,0,0,0,0,0,0,0,0,0,0,0,0,0,0,0,0,0,0,0,0,0,0,0,0,0,0,0,0,0,0,0,0,0,0,0,0,0,0,0,0,0,0,0,0,0,0,0,0,0,0,0,0,0,0,0,0,0,0,0,15348311.77,29430327.11,47207122.5,73295542.58,132495610,1211534.374,5512192.356,14788805.77,35173841.28,121933140.9,2389649.265,6037847.219,12318850.98,26489461.02,75330982.27,2075794.51,5121442.163,9967768.663,18906248.43,47815307.37,66054751.33,231082351.8,539140890.8,962861910.9,1481833734,160943596,252141108.1,350226644.5,479427931.1,704961795,256823202.4,382247968.6,501215158.8,651570691.2,953909711.9,84145986.73,129751833.7,172858892.2,232601763.3,361626330.5,4135588.884,9495833.608,139027080.5,1812782526,2940816844,85442158.19,137002451.4,184387161.8,251703207.1,402998202,0,0,0,0,0,888355.6239,1571379.289,2268971.454,3285528.602,6237410.357,56361872.58,91118568.99,123607050.4,170940665.7,286633984.1,0,0,0,0,0,5276595.04,8651979.236,11891155.01,16309083.7,25957505.61,60760.58826,301108.5443,764279.7082,1699618.567,5114595.456,0,0,0,0,0
68,15754,0,0,0,0,0,0,0,0,0,0,0,0,0,0,0,0,0,0,0,0,0,0,0,0,0,0,0,0,0,0,0,0,0,0,0,0,0,0,0,0,0,0,0,0,0,0,0,0,0,0,0,0,0,0,0,0,0,0,0,0,0,0,0,0,0,0,0,0,0,0,0,0,0,0,0,0,0,0,0,0,0,0,0,0,0,18892637.73,35508582.15,56160935.47,85842645.78,150337018,1576767.15,5839379.183,14745874.48,34815078.67,119304361.3,2486515.851,6149317.948,12416058.1,26362291.64,74656810.78,2462367.243,5738137.316,11007602.46,20431994.22,50335570.38,67370616.37,233992263.7,541025383.3,966241718.4,1485307872,178662601.3,274889093.9,370081394.7,493126377,721072631.7,248122616,366649385.4,479898256.5,624311438.6,922066270.7,68649587.88,106844870,141814954.5,191477079.7,299720873.2,5384372.548,12048877.92,143216292.2,1830587829,2969047948,87499187.52,138127342.9,184918124.1,250462682.1,397116644.3,0,0,0,0,0,2062444.663,3412049.438,4711048.619,6620877.363,11537516.86,53656479.44,86844842.99,118216420.8,162794510.7,269947202.2,0,0,0,0,0,8250258.251,12952443.29,17568093.57,23817280.58,37375612.17,66280.85528,328465.0861,833716.6275,1854033.601,5579270.56,0,0,0,0,0
69,15755,0,0,0,0,0,0,0,0,0,0,0,0,0,0,0,0,0,0,0,0,0,0,0,0,0,0,0,0,0,0,0,0,0,0,0,0,0,0,0,0,0,0,0,0,0,0,0,0,0,0,0,0,0,0,0,0,0,0,0,0,0,0,0,0,0,0,0,0,0,0,0,0,0,0,0,0,0,0,0,0,0,0,0,0,0,20858651.6,39139683.41,60853739.5,92349871.34,160395049.6,2185520.509,6224021.881,14296691.01,32692144.43,109209624.9,2658822.741,6315932.697,12584299.73,26359778.77,74845003.45,2609732.249,5819173.976,11039849.28,20432675.76,49861229.09,67855866.5,232605170.9,534777764,954957242.3,1466358696,194887519.1,297810038.3,398900853.3,522335221,751461732.7,252272368.9,369271935.1,483124056.6,624834560.6,918772802,67110850.87,102794318.3,135508402.6,182861989.7,285528289.6,7704047.863,16109750.04,148967278.5,1823428880,2955717441,74428316.48,117841022.9,157657326,214170824.7,338430869.4,0,0,0,0,0,4275679.002,7359402.412,10380493.35,14489709.92,24433377.51,50736694,81041871.69,109114919.7,149594499.5,244622778.4,0,0,0,0,0,11945034.45,18326823.78,24420710.74,32814599.62,50994534.39,72076.60227,357186.8116,906618.6836,2016154.467,6067134.519,0,0,0,0,0
70,15756,0,0,0,0,0,0,0,0,0,0,0,0,0,0,0,0,0,0,0,0,0,0,0,0,0,0,0,0,0,0,0,0,0,0,0,0,0,0,0,0,0,0,0,0,0,0,0,0,0,0,0,0,0,0,0,0,0,0,0,0,0,0,0,0,0,0,0,0,0,0,0,0,0,0,0,0,0,0,0,0,0,0,0,0,0,19142481.51,35207740.35,54298868.15,83238029.88,148300826.8,1503853.089,4710872.931,11466985.87,26756078.43,90830781.09,2438493.992,5902964.627,11871140.49,25185437.66,72216713.08,2626339.132,5790742.189,10873178.79,20030335.01,48810666.39,63276589.46,221364279,518065796.5,926412761.6,1425613892,185145564.8,284791104.8,387272636.6,517702803.2,739366324,284498859.6,411182333.6,538425396.5,686417540.6,999443546.2,60070409.09,91648239.59,121038888.4,163112951.3,255158161.8,9433448.588,17809224.27,147637754.7,1773534529,2873362213,80678260.14,124732282.6,165436569.7,223610048.3,350369734.8,0,0,0,0,0,5603812.274,9328238.937,12943268.6,17977488.42,30052981.57,55011592.37,87001700.26,116745787.5,159064628.2,256978470.3,0,0,0,0,0,9692885.54,14966552.85,19933970.33,26830027.75,41860297.43,77694.76194,385028.4755,977286.95,2173307.792,6540049.854,0,0,0,0,0
71,15757,0,0,0,0,0,0,0,0,0,0,0,0,0,0,0,0,0,0,0,0,0,0,0,0,0,0,0,0,0,0,0,0,0,0,0,0,0,0,0,0,0,0,0,0,0,0,0,0,0,0,0,0,0,0,0,0,0,0,0,0,0,0,0,0,0,0,0,0,0,0,0,0,0,0,0,0,0,0,0,0,0,0,0,0,0,15616762.79,28418488.63,43456444.62,67754329.2,130993971.9,1207623.924,4018338.991,9904831.018,23210391.09,79206936.75,2122821.489,5290438.675,10780543.03,22981740.1,65184758.61,2309000.617,5168494.734,9813479.71,18007591.56,44374642.27,57358334.36,208337176.3,497906972,894801633.5,1381040422,163822763.3,255578592.1,364176088.8,496804508.2,715319833.3,316396363.8,442103870.9,568956286.5,715689708.7,1027338751,64362782.49,96011433.31,125670840.3,168369492.8,259267873.6,11873725.61,21203093.46,150742983.6,1756238393,2845416807,86599108.84,132501539,175113434.5,236161331.3,368487962.3,0,0,0,0,0,9489528.586,15322053.14,20706597.89,28407002.91,46044277.71,56591606.33,89281695.94,119468485.1,162493022.3,259225824.6,0,0,0,0,0,11224906.56,16651410.53,21719104.1,28959887.38,44342700.08,84815.19731,420314.9003,1066851.657,2372483.351,7139421.049,0,0,0,0,0
72,15758,0,0,0,0,0,0,0,0,0,0,0,0,0,0,0,0,0,0,0,0,0,0,0,0,0,0,0,0,0,0,0,0,0,0,0,0,0,0,0,0,0,0,0,0,0,0,0,0,0,0,0,0,0,0,0,0,0,0,0,0,0,0,0,0,0,0,0,0,0,0,0,0,0,0,0,0,0,0,0,0,0,0,0,0,0,14082637.79,25487037.14,38470586.75,61043893,123725757.2,831024.3815,3353586.8,8813453.652,20889017.99,72007302.94,1941895.604,4925195.47,10035139.09,21466910.68,61340012.78,2318295.55,5127984.147,9599403.239,17570114.72,43101962.86,53949422.99,198003990.7,479298080,864439388.8,1332803477,154725905.5,243487145.1,355962324.9,487588577.2,696671124.1,340108653.7,464137888,591788418.6,739762861.3,1050975925,65379038.59,96334014.17,124622094,165892672.7,253149931.2,12830147.55,21780700.55,148497432.4,1723112579,2790807950,96612817.28,145531164.6,191086665.9,256415139.2,396869686.1,0,0,0,0,0,14622205.85,23000995.5,30822382.02,41850138.31,66599009.99,53577923.72,84525589.57,113003090.3,153456206.5,244158077.1,0,0,0,0,0,13316640.33,19680833.75,25743876.31,34153334.2,51801287.94,95977.1806,461075.052,1168100.639,2586754.768,7784047.703,0,0,0,0,0
73,15759,0,0,0,0,0,0,0,0,0,0,0,0,0,0,0,0,0,0,0,0,0,0,0,0,0,0,0,0,0,0,0,0,0,0,0,0,0,0,0,0,0,0,0,0,0,0,0,0,0,0,0,0,0,0,0,0,0,0,0,0,0,0,0,0,0,0,0,0,0,0,0,0,0,0,0,0,0,0,0,0,0,0,0,0,0,11796108.4,21364777.73,32815326.71,53366947.7,114757199.7,662098.4605,2952827.289,7884602.371,18694644.63,64754832.53,1778416.856,4618401.633,9476317.998,20393375.91,58340788.41,2249846.825,4899202.953,9122019.27,16648964.4,40782928.94,48882886.16,186835967.6,458336243.7,827925905.6,1278479170,147320548.4,228126316.8,340297076.7,472212907.9,669778108.9,365082655.3,488936873.6,617186127.3,763224694.5,1072059506,73347397.78,106951217.3,137991691.3,181591445.1,271236184.8,12417516.77,20558815.06,142676395,1664946735,2695487477,110882250.5,165175651.3,215663764.3,288574575.6,443619491.9,0,0,0,0,0,18720353.75,29484402.23,39419270.07,53731403.24,86110640.5,54548511.17,84181182.91,112004180.6,151334514.2,237938348.8,0,0,0,0,0,13262119.48,19520117.96,25222994.76,32922754.47,49005996.29,105812.1243,506110.729,1277998.62,2827404.683,8508959.1,0,0,0,0,0
74,15760,0,0,0,0,0,0,0,0,0,0,0,0,0,0,0,0,0,0,0,0,0,0,0,0,0,0,0,0,0,0,0,0,0,0,0,0,0,0,0,0,0,0,0,0,0,0,0,0,0,0,0,0,0,0,0,0,0,0,0,0,0,0,0,0,0,0,0,0,0,0,0,0,0,0,0,0,0,0,0,0,0,0,0,0,0,9668635.939,17478134.75,27375866.85,45782842.89,104379461.6,528674.0026,2517741.901,6832432.903,16255404.7,56457160.97,1580976.001,4170734.659,8617513.808,18693436.98,53279034.7,2246627.12,4781730.469,8747391.845,15956413.27,38494136.34,43845235.92,174360517.8,435091143.3,791418826,1222191736,134629498.5,208153657.4,320322147.9,449127716.2,630186994,376995892.4,496441156.7,621071570.2,761500393.1,1045903455,91920810.39,132132620.4,170162974.4,220275131.5,323735570.1,12975748.28,20422947.43,136994751.5,1597944770,2586606673,128969694.9,187741596.7,242755668.3,321139246.3,486848160.8,0,0,0,0,0,25191201.02,38797140.49,51596682.91,69781821.34,110361077.8,54923169.29,83752018.92,110587158.6,149030250.8,232385776.9,0,0,0,0,0,13468242.64,19519156,25223544.26,32882100.94,48396902.34,122394.9692,568820.3969,1421507.817,3146732.424,9439998.54,0,0,0,0,0
75,15761,0,0,0,0,0,0,0,0,0,0,0,0,0,0,0,0,0,0,0,0,0,0,0,0,0,0,0,0,0,0,0,0,0,0,0,0,0,0,0,0,0,0,0,0,0,0,0,0,0,0,0,0,0,0,0,0,0,0,0,0,0,0,0,0,0,0,0,0,0,0,0,0,0,0,0,0,0,0,0,0,0,0,0,0,0,8319568.508,15201109.28,23830852.02,40519141.66,93830430.56,467863.0889,2312936.589,6328746.519,15115967.19,52540511.12,1442623.337,3784903.392,7827421.729,17021630.27,48550731.5,2332395.494,4805371.255,8513453.966,15444094.73,36215987.98,39779958.29,162040529,407754938.3,739271443.2,1140043875,124145296.1,190401411.7,298267052,420972744.6,584776295.6,360791335.7,467282766.8,578863132.8,703312115.2,955926583.2,107606842.2,152887841.7,196460317,251614456,362587812,11284652.36,17574691.95,125735838,1505540750,2435994079,136166689.3,196881871.7,253576717.8,333431979.8,499060798.2,0,0,0,0,0,28558667.96,43472247.03,57428375.4,77496934.4,120911214.6,59787287.25,89356774.58,116844421,156853588.4,241164960.7,0,0,0,0,0,13601740.74,19827289.91,25753025.47,33215695.56,48322228.43,149618.3054,623969.7373,1516273.706,3315145.274,9867788.425,0,0,0,0,0
76,15762,0,0,0,0,0,0,0,0,0,0,0,0,0,0,0,0,0,0,0,0,0,0,0,0,0,0,0,0,0,0,0,0,0,0,0,0,0,0,0,0,0,0,0,0,0,0,0,0,0,0,0,0,0,0,0,0,0,0,0,0,0,0,0,0,0,0,0,0,0,0,0,0,0,0,0,0,0,0,0,0,0,0,0,0,0,8220195.877,14724538.43,22977835.7,38719624.42,91179529.7,308345.2494,1519857.506,4137596.448,9875387.186,34422987.14,1313595.248,3511841.958,7283267.927,15853618.66,45536726.42,2580391.236,5189382.562,8910649.052,15805925.45,35994521.54,35873527.26,148756401.9,375361783.4,678359438.6,1042735560,113440400.6,172413695.4,278297057,395802764.5,541492956,337244456.5,434582042,531719522.5,651576825.6,869368925.1,120336315.9,169727564.2,217808466.6,276957337.7,396938813.8,9332180.018,14670477.73,112177020.9,1377988907,2230547751,147334523.2,211223894,271359655.4,354523960.8,526218192.4,0,0,0,0,0,31143415.7,46754953.23,61565762.98,82590803.11,129625308,70420060.35,103527966.6,134049055,178199270.8,271236463.7,0,0,0,0,0,13950641.64,19442444.11,24850706,31633249.44,45076823.71,173719.1535,684510.4148,1633685.891,3547153.779,10497885.37,0,0,0,0,0
77,15763,0,0,0,0,0,0,0,0,0,0,0,0,0,0,0,0,0,0,0,0,0,0,0,0,0,0,0,0,0,0,0,0,0,0,0,0,0,0,0,0,0,0,0,0,0,0,0,0,0,0,0,0,0,0,0,0,0,0,0,0,0,0,0,0,0,0,0,0,0,0,0,0,0,0,0,0,0,0,0,0,0,0,0,0,0,8429613.161,14765381.24,22902102.95,38173835.33,90107964.58,155955.555,736090.0708,2004071.279,4763570.819,16622878.47,1226070.747,3252145.841,6723572.671,14601577.61,42536685.1,2760346.637,5385985.805,9103251.42,15716153.15,35127555.05,33076551.71,138213227.7,349902359.9,628613853.8,963837720.5,101544428.2,153211183.6,255015221.8,363051938,491117495.1,299243089.8,388668246.7,474056369,593642860,802819666.4,132816435.8,183663602.1,235135620,296478385,417882158.6,6594334.124,10684027.33,95706983.7,1223138942,1981418014,157094143.7,223187412.3,287008094.6,369797899.6,535828074,0,0,0,0,0,33806828.19,50059128.18,65301578.12,87514392.73,135789280.2,91121330.12,132370366.3,170584234.7,224890197.3,339825907.2,0,0,0,0,0,12656615.08,17572809.5,22298539.25,28242661.3,40209628.29,200457.0869,755488.5915,1781991.948,3858261.221,11386448.78,0,0,0,0,0
78,15764,0,0,0,0,0,0,0,0,0,0,0,0,0,0,0,0,0,0,0,0,0,0,0,0,0,0,0,0,0,0,0,0,0,0,0,0,0,0,0,0,0,0,0,0,0,0,0,0,0,0,0,0,0,0,0,0,0,0,0,0,0,0,0,0,0,0,0,0,0,0,0,0,0,0,0,0,0,0,0,0,0,0,0,0,0,8696325.116,15192627.35,23078993.87,37869896.88,88969073.1,103256.2258,475639.2609,1284445.251,3065055.677,10729983.47,1117283.921,2949201.636,6078389.299,13150379.55,38656745.49,3020647.998,5722149.187,9577136.457,16383259.75,36145246.4,29414678.16,127889103.2,325909406.4,583126721.8,892085919,92563570.55,138895451.9,237626038.7,338826073.1,453077397.1,266192447.2,348632201.4,433199520.8,573068114.7,800839183.1,133922404.4,181271007.6,230041280.4,288927812.2,402645663.7,4881578.306,8262040.152,81593944.3,1066676402,1728193077,159446219,225157302.6,289406772.7,369573596.4,531330273,0,0,0,0,0,32360278.26,47651471.9,61909255.11,82717724.31,127789003.8,113443549.5,163286491.5,209696889.3,274877718.3,407703120.3,0,0,0,0,0,10037154.92,13868350.08,17695263.2,22416199.79,31651066.33,254972.4588,837042.4565,1914300.41,4092476.411,11956687.41,0,0,0,0,0
79,15765,0,0,0,0,0,0,0,0,0,0,0,0,0,0,0,0,0,0,0,0,0,0,0,0,0,0,0,0,0,0,0,0,0,0,0,0,0,0,0,0,0,0,0,0,0,0,0,0,0,0,0,0,0,0,0,0,0,0,0,0,0,0,0,0,0,0,0,0,0,0,0,0,0,0,0,0,0,0,0,0,0,0,0,0,0,9542684.208,16285027.05,24198082.79,38786525.04,87985977.65,93276.61549,433901.9318,1168497.762,2784254.261,9781324.78,1006177.507,2635711.332,5432275.117,11703697.29,34457859.27,3359396.206,6224406.152,10219490.19,17485831.02,38625923.26,26587400.75,120033426.4,305869830,547590588,834171565.6,85306291.14,128352604.3,221516840.6,314536876.6,418666869.1,240485172.6,311722146.8,395000972.9,539825822.5,771635853.7,129293529.5,173461753.1,220536327.7,281740168.8,388475635.5,4419810.52,7304136.892,72426890.98,951724167.5,1535557159,149037097.3,207696765.1,268045095.9,341311411.5,484572932.6,0,0,0,0,0,28455497.47,41824741.33,54369617.48,72423197.52,111731301.6,138672871.5,197025021.9,253247156.8,327710926.1,477468044.3,0,0,0,0,0,8522689.047,11769717.56,15058679.48,19099090.74,26912590.45,344186.1859,945572.6613,2077803.83,4322307.988,12409332.47,0,0,0,0,0
80,15766,0,0,0,0,0,0,0,0,0,0,0,0,0,0,0,0,0,0,0,0,0,0,0,0,0,0,0,0,0,0,0,0,0,0,0,0,0,0,0,0,0,0,0,0,0,0,0,0,0,0,0,0,0,0,0,0,0,0,0,0,0,0,0,0,0,0,0,0,0,0,0,0,0,0,0,0,0,0,0,0,0,0,0,0,0,12878380.58,21108820.62,31622254.42,47548465.7,94194015.64,88166.35549,411899.9249,1113679.569,2653904.368,9379505.132,964134.8115,2473078.882,5024530.187,10820082.65,31953474.74,3785554.001,6855433.179,11030746.72,18805053.25,42253652.13,24660156.26,113936667.2,292172950.9,521385906.7,793679229.8,86653519.11,127838215,216114605.3,303000045.5,402812571.2,227635964.3,294345948.6,371887010.7,507911086,725410245,114437244.4,153449008.6,196979099,254734224.7,353296563.3,4254780.256,7160400.243,69787872.04,906381523.7,1461405582,129158955.8,178456488.6,230032544.9,292834089.8,409534366,0,0,0,0,0,25405238.12,37102975.41,48379312.6,64127753.21,98037316.13,145686983.8,204065035.2,263728870.6,339508458.7,491144029.5,0,0,0,0,0,7885165.036,10899194.18,14062889.39,18002382.66,25243009.83,397110.0526,1036923.319,2214789.37,4533266.405,12874474.46,0,0,0,0,0
81,15767,0,0,0,0,0,0,0,0,0,0,0,0,0,0,0,0,0,0,0,0,0,0,0,0,0,0,0,0,0,0,0,0,0,0,0,0,0,0,0,0,0,0,0,0,0,0,0,0,0,0,0,0,0,0,0,0,0,0,0,0,0,0,0,0,0,0,0,0,0,0,0,0,0,0,0,0,0,0,0,0,0,0,0,0,0,16677854.25,26355501.93,40778005.31,60423220.93,103689562.4,215429.6748,562750.8228,1232302.634,2748177.629,9210245.916,939346.6713,2357224.807,4770101.823,10190224.4,30343417.07,4068964.995,7366811.424,11841215.1,20174005.55,46266650.87,23073630.78,108657234.1,278814152.2,495723303,753311265.2,96394177.77,135585926.2,217883061.1,299698245.3,397691937.8,218043392.6,281414405.7,357411489.8,488157255.5,695938389.7,98027539.2,131291746.2,168596925.2,218148181.7,304288868.2,3891188.927,6651891.107,67278148.56,872720058.8,1412931748,110834613.6,153388495.3,198461879.8,254517192.6,356280884.6,0,0,0,0,0,21788632.27,31741279,41297168.31,54704576.61,83911747.67,140202790.7,195534709.3,251922975.8,324167747.6,465508425.3,0,0,0,0,0,8194872.006,11358191.33,14745473.78,18949006.79,26491781.53,470073.4026,1134844.971,2375518.998,4731932.356,13255653.44,0,0,0,0,0
82,15768,0,0,0,0,0,0,0,0,0,0,0,0,0,0,0,0,0,0,0,0,0,0,0,0,0,0,0,0,0,0,0,0,0,0,0,0,0,0,0,0,0,0,0,0,0,0,0,0,0,0,0,0,0,0,0,0,0,0,0,0,0,0,0,0,0,0,0,0,0,0,0,0,0,0,0,0,0,0,0,0,0,0,0,0,0,18916338.38,29384621.91,46841526.25,68417864.26,110124380.2,153227.3433,455770.7913,1099186.158,2547632.167,8737300.995,970474.7693,2316762.087,4620869.126,9756638.594,29150002.51,4708578.209,8281489.707,12889290.65,21543028.12,49803743.25,21140019.14,103189203.6,263957756.7,468874991.9,714220187.6,107897028.9,147764334.2,218843054.3,295393403.4,390208838,211343534.6,272608733.2,348980395.7,481108678.8,687398889.4,81859949.59,109770158.1,141492772.7,183398774.2,255002211.7,4657646.278,7695310.724,66258791.09,836841486.8,1352798586,102790524.3,140757138,181147088.5,231829307.6,323059088.5,0,0,0,0,0,19930280.41,29131659.47,37902550.44,49968924.7,76774742.9,132572409.8,184368408.8,237599289.5,305833445.8,437301860.8,0,0,0,0,0,8409343.767,11585940.19,15110128.52,19551631.44,27294421.57,568616.2229,1290203.916,2595878.3,5010765.996,13842607.63,0,0,0,0,0
83,15769,0,0,0,0,0,0,0,0,0,0,0,0,0,0,0,0,0,0,0,0,0,0,0,0,0,0,0,0,0,0,0,0,0,0,0,0,0,0,0,0,0,0,0,0,0,0,0,0,0,0,0,0,0,0,0,0,0,0,0,0,0,0,0,0,0,0,0,0,0,0,0,0,0,0,0,0,0,0,0,0,0,0,0,0,0,21573822.62,33020662.5,53879432.83,77978491.56,116706218.4,395251.2243,968219.2088,1651139.815,3016752.605,8750831.983,1188348.557,2525394.936,4797218.706,9777504.062,28680455.3,5201098.181,8969795.14,13690975.06,22800327.18,51777423.54,19817351.9,98518652.77,252847855.9,447724885.4,678698549,133115794.3,174819016.2,229419708.1,295750798.1,387387662.2,202888752.3,262480141.5,338139412.6,471037385,673438276.8,65506336.92,87323311.13,112056797.9,145577646.2,202076711.2,6885590.975,10604407.84,67329048.9,802064002.6,1292519849,97911512.8,134171197,172688461.7,221401197.8,308234400.2,0,0,0,0,0,23605126.79,34323378.76,44567294.13,58759686.1,90199318.42,117455496,162944227.5,210062359,270275358.2,385272121.7,0,0,0,0,0,10508160.32,14356432.59,18548581.1,24101239.56,33621324.52,671944.85,1448984.917,2797063.004,5338691.752,14220853.31,0,0,0,0,0
84,15770,0,0,0,0,0,0,0,0,0,0,0,0,0,0,0,0,0,0,0,0,0,0,0,0,0,0,0,0,0,0,0,0,0,0,0,0,0,0,0,0,0,0,0,0,0,0,0,0,0,0,0,0,0,0,0,0,0,0,0,0,0,0,0,0,0,0,0,0,0,0,0,0,0,0,0,0,0,0,0,0,0,0,0,0,0,24176193.18,36769189.23,60670629.71,87081847.43,124873498.2,367850.4089,879291.7043,1484097.2,2781220.781,8246766.646,1388458.267,2759526.105,5009474.586,9856708.362,28443980.14,5982228.982,10094332.02,14956655.73,24639043.03,54979099.18,18716601.2,94292272.78,241444790.7,426851416.6,645357640.5,164110831.7,209770505.2,253674416.6,308553167.6,397122466.5,187361337.7,242991533.1,316280929.5,444446959.4,641056308.5,48319762.34,65231868.95,84105586.13,109143946.9,151050669.9,8414343.222,12467577.6,67945223.8,771754893.7,1240957938,98371551.56,134591552.5,173656714.4,223208751.9,310562091.1,0,0,0,0,0,30728858.52,44147797.13,57062478.42,74760035.91,112295392.5,103446671.3,143011286.1,184422874.4,237733529.6,339503970.7,0,0,0,0,0,13117700.34,17799172.97,23338460.68,30914317.48,43669474.98,802952.6054,1660132.847,3080152.977,5719106.411,14966575.8,0,0,0,0,0
85,15771,0,0,0,0,0,0,0,0,0,0,0,0,0,0,0,0,0,0,0,0,0,0,0,0,0,0,0,0,0,0,0,0,0,0,0,0,0,0,0,0,0,0,0,0,0,0,0,0,0,0,0,0,0,0,0,0,0,0,0,0,0,0,0,0,0,0,0,0,0,0,0,0,0,0,0,0,0,0,0,0,0,0,0,0,0,19239800.48,29158196.72,47683168.7,68746526.26,102063467.8,301435.9593,734335.2427,1253751.524,2368435.354,7081287.269,1045222.597,2203039.435,4111219.593,8299986.239,24572621,5186126.591,8750178.262,13033255.29,21656920.18,48668704.56,16771169.49,86950523.89,222627812.4,392968978.2,593504684.4,132641570.9,173255404.8,219853922.6,279284156.6,362701915.9,198280484.3,253235805.9,321844820.7,441411321.8,634019057.9,49768344.75,66722551.17,86928279.48,114728191.6,160933304.1,10162938.39,14618928.22,67251028.21,738614899.7,1182347412,96693985.9,131750026.9,170141376.5,218799402.4,302675421.6,0,0,0,0,0,38739860.23,54988494.03,70732661.16,92375370.43,137060032.4,104325389.3,144140120.5,185875006.4,239723660.8,340861109.1,0,0,0,0,0,14198869.81,19149191.93,24776882.42,32560243.78,45438848.68,875281.988,1769312.335,3213644.395,5917716.502,15202105.29,0,0,0,0,0
86,15772,0,0,0,0,0,0,0,0,0,0,0,0,0,0,0,0,0,0,0,0,0,0,0,0,0,0,0,0,0,0,0,0,0,0,0,0,0,0,0,0,0,0,0,0,0,0,0,0,0,0,0,0,0,0,0,0,0,0,0,0,0,0,0,0,0,0,0,0,0,0,0,0,0,0,0,0,0,0,0,0,0,0,0,0,0,15548273.46,23840149.47,39148168.03,56581882.58,86542237.57,189557.051,461715.5966,872059.4356,1848122.091,5974201.777,816617.185,1810157.398,3551289.722,7256308.931,22011876.98,4829728.863,8127928.715,12016703.17,19915906.73,44518878.3,15333733.74,81333896.92,208831001.5,368215948.9,555093924.5,107591317.9,141665586.3,189451099.2,247550735.9,322998232,206481587.8,260742985.9,326560194.3,441099440.9,630343324.7,48007789.22,62883638.05,80007092.66,104019193.3,145251028.6,11534125.59,16035167.93,65322228.68,700089194.9,1114588355,107675903.1,145529377.3,188412165.6,244261083.7,337289487.8,0,0,0,0,0,49591910.03,69966247.73,90381102.6,117228765.5,171717419.5,96935850.7,134217541,173033484.6,223296963.8,316706002.2,0,0,0,0,0,14034227.74,18935814.32,24730421.13,32564532.7,45447960.12,928469.2106,1854347.62,3336382.562,6074622.49,15243489.41,0,0,0,0,0
87,15773,0,0,0,0,0,0,0,0,0,0,0,0,0,0,0,0,0,0,0,0,0,0,0,0,0,0,0,0,0,0,0,0,0,0,0,0,0,0,0,0,0,0,0,0,0,0,0,0,0,0,0,0,0,0,0,0,0,0,0,0,0,0,0,0,0,0,0,0,0,0,0,0,0,0,0,0,0,0,0,0,0,0,0,0,0,10568389.79,16709764.01,26372044.43,38621558.09,65143929.23,42834.17946,204734.0153,558171.849,1334517.488,4777818.545,604752.4378,1458752.865,3009494.305,6293891.107,19584074.57,4195291.191,7079378.933,10447898.68,17196984.11,38035332.54,13443314.2,76960026.19,198770657,349819843.8,527449748.3,71809080.17,98797134.38,148995204.8,201273095.5,266296463,210491836.4,259647267.7,316769223,410345445,578840143.2,60241466.64,77831668.85,98667495.85,129862710.3,182325836.8,9841152.218,13834823.93,59242420.39,648606008.3,1033913661,117249239,158181577.6,204350352.4,266364870.7,368540274,0,0,0,0,0,60386774.12,84423840.9,109361365.5,141845871.1,206046889.6,93133547.93,128037632.9,164640619.2,212654645.6,299956842.6,2127.972014,10389.05782,21179.20451,33778.5851,58262.26876,11374738.63,15235174.71,19812033.98,26060883.75,36469392.58,992466.8397,1942838.802,3460110.188,6252720.094,15467264.63,0,0,0,0,0
88,15774,0,0,0,0,0,0,0,0,0,0,0,0,0,0,0,0,0,0,0,0,0,0,0,0,0,0,0,0,0,0,0,0,0,0,0,0,0,0,0,0,0,0,0,0,0,0,0,0,0,0,0,0,0,0,0,0,0,0,0,0,0,0,0,0,0,0,0,0,0,0,0,0,0,0,0,0,0,0,0,0,0,0,0,0,0,8657893.144,13664187.57,21124633.26,31154080.38,54769520.21,61634.05649,211018.6718,545123.5642,1284655.897,4519935.388,505791.2954,1257421.806,2610996.43,5450577.445,17181799.75,3848312.649,6478965.802,9527447.484,15564368.57,34223335.46,12171809.31,72452028.13,186643095.6,328358413.7,495985692.3,52805268.36,75740859.08,122775670.6,167984026.1,223760931.7,195240371.3,241586040.4,290344911.5,365888612.6,508546131.6,67014545.4,85478417.11,108406264.4,145251619.7,207161823.1,8460061.489,11827271.86,52454628.68,596505275.7,951510108.5,123669318.1,164675491.3,211747290.3,275552461.3,381857276.5,0,0,0,0,0,66768935.57,92953759.01,120115756,156312318.7,223599458.4,85874621.42,118688389.9,153682578.4,199233931.3,280930249.8,7448.434565,18656.86376,29042.14883,41699.22268,72913.37437,11713221.79,15295683.25,19683436.45,26173190.94,36876638,1065591.634,2064699,3611780.506,6493105.673,15806189.01,0,0,0,0,0
89,15775,0,0,0,0,0,0,0,0,0,0,0,0,0,0,0,0,0,0,0,0,0,0,0,0,0,0,0,0,0,0,0,0,0,0,0,0,0,0,0,0,0,0,0,0,0,0,0,0,0,0,0,0,0,0,0,0,0,0,0,0,0,0,0,0,0,0,0,0,0,0,0,0,0,0,0,0,0,0,0,0,0,0,0,0,0,7288225.95,11710023.16,17928022.38,26484827.02,48429311.44,36469.54434,173244.4051,475092.9507,1145778.301,4092154.279,435563.8641,1110808.455,2327015.177,4895248.215,15506916.4,3815561.42,6418658.035,9298772.641,14973200.62,32332427.34,11002389.18,67540304.57,174231135.6,306374659.7,462398933.6,43299564.63,63464226.31,106028536.6,146257738.8,195932235.8,176028215.7,216744987.9,258453682.5,323257182,444171083.8,72173371.43,91077347.21,115523785.2,157189194.7,226612025.4,6632927.347,9416043.626,45908123.78,545833039.8,870430403.8,121379218.9,159397842.7,204832677.3,268181136.8,376724097.6,0,0,0,0,0,71303825.08,98545004.73,127529245,165759609.4,235415184.5,88873161.01,121491523.8,156847934.2,202579763.3,282992300.2,7272.190913,18075.88738,28186.25886,40367.94786,70744.78208,11404124.02,14590539.54,18571402.07,24760430.49,35333737.9,1142850.173,2192362.063,3773819.262,6717658.969,16027117.67,0,0,0,0,0
90,15776,0,0,0,0,0,0,0,0,0,0,0,0,0,0,0,0,0,0,0,0,0,0,0,0,0,0,0,0,0,0,0,0,0,0,0,0,0,0,0,0,0,0,0,0,0,0,0,0,0,0,0,0,0,0,0,0,0,0,0,0,0,0,0,0,0,0,0,0,0,0,0,0,0,0,0,0,0,0,0,0,0,0,0,0,0,6385016.267,10271375.27,15823700.51,23387825.57,42689335.81,35117.74366,166139.536,457168.2692,1099786.468,3930416.634,426428.5227,1048126.567,2178735.113,4570134.619,14399557.62,3967617.165,6651384.674,9606542.141,15240545.23,32616315.51,10029725.27,63125217.41,163056378.4,286753655.2,431359210.3,35061792.14,52867352.61,90770929.11,126086657.7,169742858.7,154630679.9,190477197.9,226869475.8,281624302.5,384778223.6,73491547.41,92194024.75,117174537.4,165312488.6,239886577.7,5454595.339,7767517.142,40638926.56,495221701.1,791920384,118230031.8,153366050.7,196130629.4,257370637.4,361997963.4,0,0,0,0,0,69909977.44,96064846.31,123788683.8,160312581.9,226253531.9,93717161.37,127656000.9,165803109,214309255.5,298508883.5,23377.20924,54572.41719,82335.33899,119588.0416,217204.9174,10257182.41,13069897.47,16541043.34,22030266.82,31387701.33,1218718.17,2300073.064,3910416.192,6903624.624,16261731.61,0,0,0,0,0
91,15777,0,0,0,0,0,0,0,0,0,0,0,0,0,0,0,0,0,0,0,0,0,0,0,0,0,0,0,0,0,0,0,0,0,0,0,0,0,0,0,0,0,0,0,0,0,0,0,0,0,0,0,0,0,0,0,0,0,0,0,0,0,0,0,0,0,0,0,0,0,0,0,0,0,0,0,0,0,0,0,0,0,0,0,0,0,6012555.082,9638680.452,14859421.7,21897508.85,39731614.49,32517.25514,154558.2444,427039.429,1025322.067,3678431.001,400145.0263,977888.464,2028137.551,4244774.77,13368973.81,3954855.806,6617275.762,9546587.174,15044002.82,31694894.14,9498036.03,60679207.48,156494049.5,274952734.5,414159043.9,30095043.97,45888245.55,78859259.01,109544320.2,149487325.2,133655367.1,165554182.2,198812578.5,251171775.9,348142218.7,73703166.6,91517850.48,115078407.8,159603303.9,229835540.3,4734027.012,6720943.691,35544542.43,442256502.3,706135877.3,112633635.2,144167058.8,184752893.6,246981446.8,351852798.6,0,0,0,0,0,63868564.07,87891904.53,113841889.3,147786499.1,209138394.8,103816236.7,139291550.6,180433762.5,233832145.9,324579014.4,9572.946143,22273.29205,33498.79057,48472.49197,83920.91725,8062309.29,10444396.71,13646858.06,18849657.6,27186547.14,1299833.067,2420952.446,4052263.612,7107808.293,16519539.76,0,0,0,0,0
92,15778,0.179615996,2.41466918,50.9974032,1299.177504,20264.08558,0.071818421,1.219268461,26.52154207,624.1057415,12353.58495,0.116891807,1.716995209,37.8398182,952.3967669,16624.58894,0.13416422,1.995188166,43.81806258,1109.074964,19620.34325,0.154248724,2.190752965,45.70783614,1104.711937,20567.47426,0.258734777,3.324227992,71.63276956,1714.054559,28877.33796,0.196831722,2.675197964,60.38322481,1361.482987,21331.1352,0.133728757,1.802187817,42.58070775,957.2011495,16515.84776,0.104893002,1.55679916,34.42674366,769.3105159,15336.2406,0.069269798,1.10640955,24.91399208,573.4714247,11643.39271,0,0,0,0,0,0,0,0,0,0,0.005844485,0.094628774,2.14010731,48.25090172,1025.028714,0,0,0,0,0,0.002558292,0.039071699,0.880604071,20.28563371,403.6167844,0.003049003,0.051747882,1.174240412,30.30419739,579.580736,0,0,0,0,0,5822857.553,9269015.425,14393541.49,21065310.45,37678350.05,30129.92748,145345.2246,400726.9361,965243.5794,3451796.208,374508.5601,901547.2357,1861274.185,3871581.349,12250371.81,4087986.804,6828733.727,9837311.686,15305664.66,31828529.6,8951303.875,58162407.34,150210568.6,262776140.9,396821842.7,26331080.52,40881261.66,70226675.25,97857408.16,134228301.2,116987615.4,145341140.2,176333177.7,226792259.7,317523762.1,69578060,86300042.98,107792367.3,149309527.3,214511356.3,3990991.604,5713099.137,31531696.04,400563285.2,639968102.8,103365964.4,131500513.8,167961867,226664867.9,323657449.4,0,0,0,0,0,57077048.03,78767321.54,102044745.3,133049521,188967087.1,112829902.4,150646911,193543182,252403805.5,353520995.4,6684.926739,16468.92296,25689.46312,36911.36788,64856.41558,6995761.835,8954968.891,11590491.87,16063686.12,23285781.61,1295965.369,2408219.69,4031541.689,7068862.404,16290868.73,0,0,0,0,0
93,15779,0.188862968,2.570694988,53.92306515,1373.360595,20695.09211,0.055680227,0.93664122,19.92915971,461.4755574,8923.851349,0.12191604,1.80732136,39.25427652,993.184063,16849.84933,0.138152803,2.069823297,44.26739879,1133.245866,19428.9386,0.17361965,2.360817017,50.28794318,1167.631042,21721.15937,0.280001914,3.524258667,75.83936596,1796.621912,29492.45297,0.212726472,2.755868177,63.61593205,1414.702869,21783.63307,0.122570869,1.635802554,38.00671025,869.8598536,14513.95536,0.09369726,1.440256437,31.74966372,723.2176187,14414.25619,0.086998038,1.307402831,30.14566738,680.4137378,13149.57058,0,0,0,0,0,3.37E-05,0.000564284,0.012882458,0.286563697,6.95316634,0.014659912,0.233362909,5.219447233,120.9726682,2460.504383,0,0,0,0,0,0.002602271,0.037548037,0.859083635,19.74852501,367.0756888,0.004308992,0.073132502,1.65949092,42.82729488,819.0903318,0,0,0,0,0,5575494.859,8869255.962,13736147.99,20139366.6,35646947.77,27987.09987,134825.532,372590.4796,896460.3617,3226834.189,373277.9406,869332.1025,1770433.382,3643980.542,11543995.14,4095210.3,6827829.254,9860750.362,15222095.31,31612158.74,8350744.399,55571239.95,143878618.5,250982643.5,379178769.5,23740337.32,37319641.13,64819272.86,90144207.59,123328998.3,103979723.8,130067936.6,160141987.1,213308091.7,302615016.2,64096520.06,79543185.78,98428168.33,133872755.6,190979785.8,3366564.502,4942080.75,28990929.4,367694900.5,587484160.6,93246261.76,118194820.1,151333974,209074437.9,300587819.6,0,0,0,0,0,50218473,69557056.54,90303722.19,118306995.8,168425774.4,117030762.1,154327858.7,198621451.3,259250779.5,363702368.7,508.3685911,2573.182847,5666.987932,10475.28513,23131.38887,5961786.058,7618429.243,9876239.791,13865160.3,20120558.4,1298903.706,2412786.337,4042698.495,7047388.523,16281217.13,0,0,0,0,0
94,15780,0.198159521,2.692706831,56.06738829,1470.235334,21479.91936,0.043258502,0.720277095,15.40007033,355.7251677,6749.880376,0.128193657,1.877412777,39.90343648,994.2319156,16959.5622,0.148579788,2.151971677,45.67766513,1161.022526,19369.83196,0.179998571,2.434917041,51.82390357,1211.002297,22142.78142,0.286825209,3.718439493,77.8548733,1839.441307,30101.04419,0.204305131,2.661632389,61.62065368,1369.760881,20787.21408,0.118109964,1.562983674,36.10320447,828.7542885,13422.21601,0.095291576,1.456384677,32.14245804,726.1235744,14449.55512,0.092597262,1.338873827,31.48722581,703.949558,13289.68016,0,0,0,0,0,0.000113189,0.001611315,0.037084733,0.8557553,14.90895262,0.024629599,0.383707614,8.594930189,197.6264298,4011.62554,0,0,0,0,0,0.002530571,0.034509534,0.805874915,18.55554158,321.8213994,0.005889901,0.099963786,2.268334719,58.54002499,1119.603015,0,0,0,0,0,5549833.415,8823910.224,13913592.17,20170953.75,34348483.73,26834.43339,130144.3938,358790.7514,861680.6316,3099039.099,305148.0362,768323.4572,1612459.533,3368525.434,10796087.28,4091178.865,6789442.639,9836900.108,15115247.38,30995654.81,7908477.468,53307585.89,138472330.2,240491351.1,363423370.1,23846689.49,36541777.59,60839479.82,84258181.87,115589586.5,96114345.96,120537280.4,149025955.1,200846282.4,285678692.3,55811162.47,69281706.69,85887189.52,117432738.8,167746606.8,3282776.945,4792444.791,27393263.94,346459540.3,553351197,84721914.77,107076489.8,136117017.4,185819768,266481416.4,0,0,0,0,0,44458897.9,61544618.28,79905138.7,104895035.9,148986165,117375552.7,154034719.1,197411705.6,259516208.9,366475732.9,0,0,0,0,0,5089437.929,6461304.388,8369137.365,11910409.37,17301129.03,1324373.718,2448532.77,4079062.616,7062733.964,16273475.88,0,0,0,0,0
95,15781,0.20949938,2.78436823,58.26201484,1512.417063,22137.00821,0.035872707,0.595628014,12.7291044,293.3884582,5562.517152,0.123454707,1.840312767,38.86836646,969.6094511,16531.00482,0.151902831,2.220324146,46.78841232,1187.164495,19575.81813,0.177511383,2.403646418,51.24759726,1200.203497,22045.76854,0.296175766,3.797352721,79.56772335,1897.772093,30806.53293,0.20109168,2.623842137,60.67516919,1352.544353,20407.68439,0.109706156,1.458418702,33.76182501,767.2178251,12483.71622,0.094760347,1.448551666,32.0171747,723.4659057,14375.91835,0.095125694,1.342617227,31.48989535,699.9662495,13003.55978,0,0,0,0,0,0.000179212,0.00272993,0.061545804,1.421032776,28.20550083,0.036867957,0.550378844,12.7989209,287.0665904,5540.596937,0,0,0,0,0,0.002546861,0.034665459,0.803847006,18.51404674,316.7256444,0.007174443,0.121765121,2.763041135,71.30715572,1363.779851,0,0,0,0,0,5267349.794,8386872.217,13383070.18,19392276.98,32567577.57,24898.81211,121230.3068,333522.1706,803024.4162,2893985.227,287176.5793,720021.4061,1512964.87,3153208.584,10150139.43,4029944.986,6689538.103,9735573.72,14845595.32,30131873.32,7463229.565,50319734.14,131033206.5,227138684.5,344238293.1,22999252.12,34791932,56821860.62,78017278.3,107021249.2,89892091.06,113134566.4,140372348.6,189600549.6,269928612.9,48622973.48,60427196.03,74480634.04,100566933.8,143220880.8,3090012.273,4507058.712,25779259.98,329043159.9,525944192.6,76805936.11,96725029.02,121978283.4,167239832.9,239521806,0,0,0,0,0,39074081.84,54249773.11,70551006.79,93111335.11,132499580.1,114218903.5,149642602.9,192710826.6,254838017.5,362338536.8,0,0,0,0,0,4504596.535,5752659.052,7465346.185,10551654.39,15342944.03,1379534.907,2522820.917,4125555.186,7110741.171,16261850.41,0,0,0,0,0
96,15782,0.216140319,2.849232835,60.26539073,1514.509215,22770.00859,0.031354379,0.526080329,11.17917871,259.0712338,4851.180847,0.122212994,1.85583773,39.19147383,957.0432627,16258.10885,0.165226597,2.380375781,50.2937583,1253.82161,20096.46642,0.178191725,2.416831763,51.33988492,1204.186921,22164.61623,0.301308193,3.8771842,81.39772831,1923.564428,31360.87571,0.203701411,2.758671006,62.21285751,1395.794874,21113.72134,0.091853015,1.233505637,28.69713111,653.6643959,10739.26667,0.096522015,1.480432804,32.57031051,738.6075533,14646.30651,0.094294888,1.334536677,30.532693,697.845769,12424.87961,0,0,0,0,0,0.000308618,0.004774304,0.107527339,2.450675868,49.7385191,0.040763648,0.587427874,13.89158611,309.8669017,5851.145462,0,0,0,0,0,0.003691607,0.049999455,1.182722025,26.65888329,455.550203,0.008142717,0.138198731,3.135945465,80.9308804,1547.837702,0,0,0,0,0,5506804.619,8664578.905,14254299.1,20580606.96,32227030.71,23861.30271,115230.6039,318051.0189,769955.9748,2776668.827,330416.2758,731071.2283,1461399.772,2954062.9,9266337.181,4024165.731,6642030.253,9679914.361,14823722.94,30340567.24,7109111.764,48029904.33,124522604.6,216955986.2,328787340.8,23529011.08,34884150.42,55273972.24,75324559.8,103181763.6,87194099.58,109734901.8,136294304.1,183497778.7,260565600.2,39857956.4,49604922.19,61307257.86,82116383.67,116703666,3308793.603,4860538.928,25999698.98,320520545,513079436.4,70502386.59,88953867.93,112240914.8,154872578.5,221695789.7,0,0,0,0,0,36877616.14,51104889.58,66163699.1,87164185.17,124355450.8,108892825.4,142151565.2,182847781.6,240944094.2,343289370.8,1614.485163,7864.159396,16063.03671,25381.41245,45825.2223,4723158.417,6027867.66,7833607.183,11421024.08,16669604.38,1398624.293,2549354.285,4151525.807,7122142.944,16259401.74,0,0,0,0,0
97,15783,0.216371287,2.885332547,60.9476708,1510.573173,23006.64451,0.028563606,0.473809654,10.11313676,233.0917051,4314.102573,0.124578895,1.850665933,39.20404957,963.6015149,16020.38232,0.179168321,2.519543768,52.90488345,1333.130569,20842.07091,0.178341352,2.429036791,51.5966402,1206.131547,22218.58856,0.30603604,3.947860299,82.32065298,1936.950631,31663.0866,0.203755019,2.732570917,62.02285669,1383.873859,20904.29981,0.079593882,1.050465213,24.53316826,555.9778004,9139.301291,0.099684719,1.527901084,33.64376022,760.4696309,14997.2815,0.095066221,1.312275996,29.81198972,702.0180421,11827.30335,0,0,0,0,0,0.000748894,0.011379919,0.256505862,5.929565376,117.6411142,0.04393983,0.613017188,14.66461435,323.2086463,6027.380287,0,0,0,0,0,0.005377593,0.071846752,1.664023469,37.95555757,638.0428021,0.009200874,0.156157847,3.543465915,91.44796022,1748.981351,0,0,0,0,0,5510218.763,8594582.849,14177521.34,20314987.35,31073445.81,22815.44431,109322.6588,303060.1754,731482.8672,2638549.098,380098.3371,774369.7056,1457188.718,2872350.398,8823517.493,4016629.958,6608431.084,9699198.174,14694472.84,29364024.63,6767569.099,45738202.36,118792539.6,206395005.9,313507690.1,25545891.56,36776766.63,54169054.01,72635093.9,99442047.34,82100534.65,103188915.7,127651290.1,171186981.9,242838532.9,32931973.57,40882271.82,50267061.75,66461129.4,94145405.59,3485890.848,5037622.796,25541234.69,310379104.7,499024528.2,68384840.53,86440123.13,108795386.7,149710155.8,214963765.1,0,0,0,0,0,36916195.61,50801102.39,65915551.68,87117107.49,124344428.5,100139526.7,130351487.8,167155267.9,220066152.4,312771101.8,1574.282247,7608.258735,15576.39628,24577.45208,44681.55907,5254576.151,6650192.744,8557765.158,12522480.97,18234321.25,1391527.571,2564593.604,4157190.8,7104710.429,16294748.06,0,0,0,0,0
98,15784,0.219348251,2.899650298,62.03776816,1528.231921,23502.36646,0.025977031,0.433484553,9.247506572,213.3584541,3988.252052,0.128352836,1.862622329,40.05849975,982.8798227,15682.28347,0.1889889,2.646817328,56.74524462,1368.413931,21418.02354,0.18110229,2.454848006,51.99786278,1214.679008,22347.43713,0.314345742,3.99114162,83.81962572,1993.993874,31835.63951,0.203413481,2.71954145,60.90228829,1357.408502,20316.14171,0.0696549,0.910422564,21.20575371,479.6033658,7861.53941,0.105520828,1.558805953,34.48053368,773.6738293,15235.95566,0.094506766,1.274970456,29.09202825,681.5281371,11413.39707,0,0,0,0,0,0.001463842,0.021985641,0.498688717,11.29306214,229.4775975,0.043788389,0.621107991,14.26980156,322.3316683,5875.351362,0,0,0,0,0,0.007247687,0.096380593,2.242404445,50.85017467,831.3521554,0.010705131,0.176126493,3.936638428,101.384664,1946.323692,0,0,0,0,0,5618302.643,8695032.916,14306872.63,20436054.45,30473157.83,21373.24954,101889.5463,282610.7073,683063.0647,2472001.077,358480.6463,741128.4806,1403553.73,2774940.004,8593111.211,3870122.41,6377002.908,9385900.251,14169886.12,28210101.28,6552659.341,44869978.52,116750923.4,201804804.7,307073907.3,28421105.44,39595025.38,54894050.46,71937996.61,97707521.2,75458271.2,95059967.21,117678781.8,158856057.5,226049010.9,27752431.97,34690656.66,43061143.68,58567944.72,83650829.02,3740535.024,5343268.638,25243171.45,298424079,480765746,66279446.28,83899051.15,105358232.9,143347517.3,205039283.7,0,0,0,0,0,38154831.31,52509080.68,68208699.5,90353248.13,128718687.9,89285165.83,116502311.4,149667801.2,197824762.8,280908481.5,1525.870756,7365.361915,15120.8094,23788.36009,43502.39554,5939925.359,7507062.546,9445184.82,13098036.88,18803155.78,1395144.358,2555444.906,4152990.02,7092815.446,16259862.52,0,0,0,0,0
99,15785,0.221424108,2.963394385,62.29281721,1546.814475,23544.01353,0.022503666,0.374664367,8.001956106,183.380259,3484.992336,0.119270368,1.749593499,37.08531011,912.8361323,15003.52502,0.185294396,2.605568014,56.32482816,1351.757081,20860.33261,0.173600731,2.356049743,50.01871323,1170.074302,21389.01088,0.318701052,4.042054507,85.60281784,2009.467465,32858.68446,0.216516639,2.817040549,64.47550063,1409.293912,21409.76394,0.0633643,0.829281061,19.15323196,438.2839634,7143.988891,0.105329699,1.557248634,34.24817993,766.667688,15145.05684,0.096476455,1.272027182,29.42072835,676.1196949,11248.42948,0,0,0,0,0,0.002182756,0.032699546,0.750393172,16.92643602,339.2026799,0.055550591,0.767302929,17.49899451,411.0023579,7004.814212,0,0,0,0,0,0.007740553,0.10218003,2.33658053,53.51381968,852.7653628,0.012749237,0.208325838,4.64072868,119.735149,2292.549479,0,0,0,0,0,4676844.056,7358117.76,12141430.78,17483648,26663867.53,19209.08702,91220.1861,251845.8921,609643.8704,2212839.812,332742.0176,678863.3202,1281798.004,2547487.204,7903606.858,3683794.98,6069781.9,8920950.244,13405257.79,26483923.68,6182733.756,42323641.2,110383915.5,190837656.1,290161164.4,24672136.45,34592154.86,48425924.53,63583658.4,86635464.48,70741031.68,89373807.05,110717441.7,149741390.3,213717093.1,24113624.01,30052605.25,36593595.62,47606488.5,67103535.42,3558719.005,5054597.318,24052945.87,284097335.9,459047966.2,63248543.77,80048944.13,100504940.8,137519164.9,197384136.4,0,0,0,0,0,39752606.13,54444553.1,70734325.02,93615006.63,132872872,85948771.52,111362621.2,142313233.9,188538791.6,267076772.3,417.2622955,2104.769582,4668.616463,8778.314515,19208.8447,5498919.984,6946748.669,8708577.586,11908950.97,17112035.85,1450964.24,2642006.832,4234110.225,7193695.566,16373626.99,0,0,0,0,0
100,15786,0.223735107,2.970082814,61.25261848,1549.080437,23050.45865,0.019520279,0.325756245,6.937878515,159.9400835,3085.203457,0.107999462,1.599829629,33.93533945,828.5679957,13968.89161,0.183437961,2.556655537,55.44972096,1340.961889,20303.11213,0.163496056,2.224456717,47.18618925,1102.815096,20111.83984,0.326085114,4.140158912,87.94423516,2049.993681,33395.8737,0.234955611,3.018262016,69.19557218,1513.325955,22642.29901,0.066218293,0.859958443,19.32283663,444.3105765,7265.021986,0.107809594,1.598988682,34.92865231,773.2367735,15307.95373,0.089649895,1.181363531,27.3451981,623.7129268,10341.14321,0,0,0,0,0,0.005459343,0.078406441,1.854189234,40.97223117,768.1677636,0.062862062,0.851752067,19.42349353,455.2958354,7621.621187,0,0,0,0,0,0.008718283,0.112418378,2.60856296,59.29862094,925.1653498,0.015335824,0.249813855,5.58349972,144.0490126,2758.33109,0,0,0,0,0,3964676.933,6288608.814,10369563.57,14968448.12,23361746.54,16188.37508,76834.29858,212268.7987,516348.9518,1873224.464,250195.6049,541795.1707,1073477.204,2169321.093,6941740.688,3341257.35,5525810.489,8133568.027,12244370.61,24488642.18,5893219.706,40700855.46,105757379.5,182912568.1,278239632.9,20687582.06,29517562.84,42404269.59,56132082.02,76801020.75,67444036.07,85018932.98,105433076.3,139446450.9,198297644.3,22303811.74,28195557.07,35153157.87,48225788.31,69503028.86,3841810.341,5404734.122,23489820.35,269254955.6,437074889.7,58366065.06,73920511.27,91961381.51,122925893.7,175712974,0,0,0,0,0,44180280.73,60376442.05,78175114.29,103371628,146332371.6,84489102.68,109425496,139746607,186936354.7,266519542.3,7249.104024,16631.43998,25129.2478,36668.3232,65601.33865,4864145.178,6175330.779,7837337.71,10998971.46,15926012.34,1517583.51,2751548.266,4364239.538,7367591.362,16680475.71,0,0,0,0,0
101,15787,0.222182911,2.909960325,59.61610308,1511.679336,22185.4163,0.016252842,0.272134171,5.889544884,136.3894084,2676.102772,0.097070855,1.464339335,31.17226087,764.363882,13050.49426,0.176552683,2.452452493,53.80015918,1306.624606,19608.01173,0.154510383,2.109222343,45.12910993,1043.203061,19183.3517,0.333212161,4.237847409,90.5053142,2117.650234,34485.85829,0.253226434,3.256297704,73.69613391,1596.023637,24459.35847,0.067850973,0.877714838,19.40611488,466.4810955,7266.772275,0.108661231,1.612702603,35.25144973,775.3336631,15403.74226,0.09716205,1.262871057,29.34826478,673.378437,10951.60345,0,0,0,0,0,0.010063631,0.140072961,3.222296204,72.85826659,1310.886475,0.059161898,0.79376144,18.29597591,423.2338303,7078.873944,0,0,0,0,0,0.010272016,0.135073198,2.962480983,70.67906764,1076.728777,0.016786627,0.280127251,6.175578127,156.300553,2993.986118,0,0,0,0,0,3257659.782,5205233.297,8353554.622,12111082.95,19854940.92,36443.96297,93796.75129,204917.0652,455502.7057,1594747.914,223333.6146,482583.0382,968886.6749,1952222.4,6328523.732,3027045.066,5016286.264,7353457.293,11061710.38,22275688.04,5660276.295,39051705.54,101605435.8,174922622.1,267006515,16775514.06,24742376.72,37604881.18,50682787.16,69633192.76,63218923.52,79915319.7,99345203.46,131236618.6,186775338.3,21168493.16,26831129.35,33158179.61,44760892.63,64289846.39,3900486.516,5464849.112,22471071.78,256094133.9,415256500.8,59040049.79,75243203.71,93980503.04,127124459.4,183058442.4,0,0,0,0,0,48022565.9,65171259.96,84649909.73,111936329.4,158807683.1,76641074.81,99176658.58,126026538.8,167685081.2,237535332.1,18775.07333,29341.75779,45658.51702,66028.51543,98284.07957,5066856.602,6413626.159,7880311.83,10378840.87,14736842.2,1599341.828,2880145.009,4503159.253,7523919.87,16901564.88,0,0,0,0,0
102,15788,0.216125863,2.852858721,57.93906812,1496.102616,21874.65255,0.014469477,0.248101944,5.413156725,126.4169913,2481.591313,0.091927169,1.367103252,28.81837818,722.0781167,12386.25304,0.167881346,2.32140362,51.29586408,1244.39331,18507.59162,0.145282092,1.976000187,41.94208797,989.6345558,18221.51756,0.336947112,4.250162166,92.30864602,2135.356805,34379.03911,0.271029743,3.431852713,77.51384763,1668.652655,25833.0956,0.074436957,0.956772224,21.12515312,499.0126554,7722.135462,0.109007507,1.604363752,35.02411366,771.5273839,15205.26102,0.107955202,1.409743784,31.79045236,725.1315122,11953.30405,0,0,0,0,0,0.015084512,0.208848516,4.741998557,110.5180172,1873.624658,0.056789729,0.743604402,17.12019267,396.2901636,6572.587253,0,0,0,0,0,0.01188013,0.152007501,3.405744398,80.474128,1227.587603,0.017927166,0.295162282,6.471444114,164.4401818,3125.19705,0,0,0,0,0,2876665.525,4583030.315,7226606.774,10490573.53,17789475.19,10841.14253,50878.88492,140637.7821,342686.7329,1248374.606,184772.2046,418070.5914,859384.9753,1759291.896,5814018.254,2679163.818,4430921.259,6492718.725,9836477.125,20160594.06,5315675.078,37358155.53,97117655.64,167085947.2,254592705.3,13903504.18,21155676.1,33255681.37,45233569.24,62323226.03,57410093.35,73292707.43,91514031.92,122337746.2,175010238.5,21222623.71,26840813.54,33012661.65,43504114.55,61817986.14,3592083.363,5021251.805,20990842.83,239663495.2,388825226.4,60034777.8,76687980.14,95665575.04,129846556.7,187491826.5,0,0,0,0,0,51868628.53,69781521.38,90107967.26,118879969.4,167794290.5,69083853.36,89716376.22,114374847.8,152747476.8,217214907.8,40380.06322,63989.62282,85357.28563,115788.2803,183651.9674,4876711.889,6205275.733,7633413.237,10134866.65,14431786.75,1623977.478,2904354.896,4529157.892,7496371.257,16709487.96,0,0,0,0,0
103,15789,0.211627698,2.833918072,56.57167459,1475.884143,21434.08404,0.013938577,0.233905959,5.05830169,117.134159,2303.376921,0.086829486,1.272444564,27.09759003,681.6884023,11703.19915,0.161633774,2.22585416,48.8394655,1195.870354,17530.68795,0.135720483,1.879192799,39.44270989,930.6635823,17363.22869,0.331287261,4.255349525,91.37008776,2106.735403,34090.95868,0.279639925,3.635511864,79.1878767,1749.749939,27277.71024,0.084380411,1.084126683,23.70418509,566.1503509,8664.729172,0.105211641,1.547320573,33.96126975,738.3598521,14633.70945,0.115326086,1.515943649,33.93303462,792.4408355,12665.52436,0,0,0,0,0,0.020343891,0.270381324,6.246162877,144.3748264,2403.222842,0.055420389,0.726706923,16.74647694,382.8452768,6359.868103,0,0,0,0,0,0.012487326,0.161095297,3.556494421,84.00894417,1297.619946,0.019321903,0.317961515,6.918980721,176.6502306,3331.507169,0,0,0,0,0,2424185.967,3914835.928,6065956.76,8846337.158,15878346.78,9977.836639,47028.894,130315.2904,317091.4716,1158543.459,138817.2471,345598.774,735429.874,1532392.99,5145815.49,2411729.217,4001936.653,5860998.472,8876757.432,18256595.53,5013246.133,35423166,91877308.24,158025776.7,241003638.3,11900955.31,18314832.65,28998751.44,39483735.9,54684711.81,52613833.81,67620745.07,85288451.01,115173536.5,165981556.2,21144821.98,26814116.86,33145206.64,44062857,63019886.68,3070132.361,4358325.241,19359537.83,221018851.7,359555199.3,59385346.84,75728818.56,94216112.19,126248320.1,180923755.5,0,0,0,0,0,54245343.71,72628726.7,93928311.11,124407190.8,176647595.6,62339026.4,81193899.33,103367128.5,137706089.2,196204648.8,48967.38533,75404.92016,105820.2893,146739.8618,209306.2599,4521480.28,5752974.566,7165509.09,9754528.263,14083740.19,1651562.811,2942998.687,4577430.749,7569495.83,16819394.15,0,0,0,0,0
104,15790,0.206960865,2.756165355,54.83113673,1441.140909,20847.77723,0.014027945,0.232013886,4.99383297,115.7920558,2264.640999,0.082928954,1.219052377,26.04038539,652.8749895,11166.87902,0.159058569,2.176815737,47.73203379,1172.76533,17124.36694,0.124318899,1.766453371,36.93328214,885.1208334,16558.33564,0.321226374,4.224322793,90.15239435,2082.093644,33390.29393,0.293733706,3.742018328,80.97812955,1804.330402,28123.28491,0.098190692,1.276656487,28.01343166,662.206843,10064.95598,0.100298481,1.463096305,32.29366203,703.334585,13962.60944,0.116598672,1.5327867,33.94324192,807.4952971,12724.2258,0,0,0,0,0,0.025645072,0.341117965,7.798911165,178.5169962,2984.203795,0.057797435,0.753235022,17.60109759,398.5780403,6557.490978,0,0,0,0,0,0.01250155,0.161467595,3.606205255,84.33938102,1289.80658,0.021488586,0.343963244,7.593968983,192.6748185,3592.145783,0,0,0,0,0,2249479.293,3625553.594,5612206.518,8174949.779,14771385.97,9511.730946,45013.78652,123862.1376,302404.5435,1108882.451,132772.253,318554.6546,672190.3715,1391105.524,4675132.379,2210437.836,3660833.696,5379761.548,8141208.559,16777408.76,4804044.166,34581009.11,89528288.82,153589612.7,235002918.1,9424182.911,14997319.84,24553579.57,33639552.33,46773021.36,47770118.45,61966162.02,78753868.58,106607546.5,154176773.2,21140878.16,27022256.43,33951666.23,47051307.24,68446765.38,2764884.322,3944801.015,17771941.53,203358844.3,330746362.5,53648827.19,68652868.18,85167852.5,114278934.7,163985842.7,0,0,0,0,0,55428652.04,73931439.08,95617335.77,126235323.2,180504693.3,58695787.28,76228521.72,97191130.87,129838325.3,185645545.7,50744.22135,78743.45388,108946.5646,148519.7233,210148.0342,4284922.3,5480322.807,6895228.935,9552204.697,13890784.31,1693146.145,3035068.415,4669246.195,7686239.167,16972266.42,0,0,0,0,0
105,15791,0.192624819,2.574888237,51.12539856,1352.328907,19624.87825,0.013189599,0.220050987,4.73872477,109.2069465,2135.589133,0.077535678,1.15842728,24.28636507,610.3353879,10533.36781,0.154811664,2.102470074,46.04990856,1131.280124,16505.45368,0.11594466,1.637833332,34.04955664,825.051407,15303.94874,0.301969221,3.987854653,84.89683839,1949.464537,31320.88917,0.286134214,3.64612877,78.58948285,1742.890408,27534.78471,0.105990202,1.350679001,29.94442604,701.4008731,10453.22368,0.092766244,1.366531518,29.98690025,655.1956293,12978.32524,0.123973986,1.616529949,34.9281539,835.1427705,13277.14623,0,0,0,0,0,0.028530473,0.376647873,8.621811533,196.1807818,3275.273121,0.059465336,0.775412912,17.64142826,405.4138375,6693.910139,0,0,0,0,0,0.012378288,0.159469564,3.539923355,84.22778542,1270.640513,0.023212952,0.360975709,7.927141099,202.3396818,3690.617413,0,0,0,0,0,2072536.312,3353486.665,5169417.153,7559640.522,13758474.66,9301.845734,44003.83566,120719.0047,295500.1221,1090794.176,119906.9246,286275.5551,601785.3739,1244009.013,4164643.998,2011161.811,3316519.358,4899187.238,7430130.902,15328546.63,4509552.771,32842407.7,84969820.1,145576591.3,222784810.7,7956934.357,12981713.28,21700067.26,29966029.84,42247895.91,41904303.28,55033970.24,70681848.06,97761854.82,143581017.8,20424453.7,26174225.83,32807313.5,44353297.32,64358481.63,2418212.153,3477427.118,16219895.51,187571703.4,306922881.4,49092174.68,63016988.61,78454212.56,106327307.8,153138510.3,0,0,0,0,0,53211898.56,70907187.37,91742002.93,121507679.5,173267524.7,58234859.28,75768508.75,96776748.74,128941926.9,184838348.1,74538.5903,107348.2032,142607.8384,192653.3042,282520.2908,3834725.433,4931780.194,6267042.107,8985542.235,13292078.89,1766000.189,3125204.198,4763791.189,7781146.15,17101199.9,0,0,0,0,0
106,15792,0.182975698,2.431143181,48.61587849,1287.820554,18663.13963,0.009659095,0.159699938,3.4404903,79.57777563,1514.83693,0.072172129,1.07180104,22.73289825,561.8475191,9635.211828,0.154530146,2.067085474,45.3829934,1111.279087,16147.22632,0.108315162,1.526197249,31.7474415,770.1087458,14296.69728,0.282626492,3.705856707,78.42187646,1817.199082,28404.59823,0.276512073,3.455491714,74.7049958,1657.349605,26621.98172,0.110888366,1.463178196,31.91488581,722.564307,10734.53496,0.082293864,1.200270909,26.33144631,585.94116,11658.68099,0.133204059,1.691659443,37.39173363,888.2541208,13692.46503,0,0,0,0,0,0.028047809,0.366863751,8.538749691,191.9833211,3160.123389,0.070845855,0.9200737,20.48777662,480.225861,7736.157036,0,0,0,0,0,0.010351644,0.134705492,3.008657717,69.22500033,1049.002087,0.025655952,0.39253522,8.662072229,220.0585496,3985.496243,0,0,0,0,0,1859918.65,3049197.744,4731038.427,6914299.177,12591582.44,8955.531362,42202.58631,116094.3114,284205.5995,1055421.372,97870.87678,249423.977,531832.0115,1110297.885,3731715.5,1958367.331,3199253.464,4721124.44,7142171.479,14620181.5,4215772.405,30742175.43,79658740.75,136053777.3,208956010.7,6631847.14,10813577.19,18139319.8,25092708.07,35291229.15,36135360.13,47987190.85,63163086.2,93007701.92,138909691.7,20199362.93,25978546.83,32702786.37,44211362.94,64326392.09,1835262.465,2699078.439,14166060.81,168067717.7,275603173.1,43341960.13,55854115.24,69441992.05,94101887.07,136393522.1,0,0,0,0,0,48841933.45,65083227.38,84426933.62,111940331.1,159167483.3,56849054.1,73927704.21,94384416.59,126566400.9,181956268.9,52137.95034,77480.22387,101552.2372,137295.218,218732.9117,3409849,4416192.471,5659676.566,8250851.089,12317851.39,1791651.333,3165763.847,4813276.445,7836581.77,17191749.11,0,0,0,0,0
107,15793,0.177211984,2.334939892,47.52712066,1236.768258,18045.83507,0.005376049,0.087609756,1.862612699,43.63764343,809.179352,0.06544792,0.970632308,20.77297734,510.8392117,8619.425332,0.157655492,2.128468555,45.52599427,1095.509181,15949.76426,0.101977439,1.444488217,29.99873206,725.0447257,13546.35932,0.260976175,3.442773725,72.50084748,1684.381966,26035.9033,0.2569428,3.17823444,69.32030759,1548.378313,24802.15391,0.112471758,1.468425494,31.9893885,707.8760472,10720.39056,0.07284021,1.061228814,23.472101,517.7108206,10336.02587,0.136287706,1.752591908,39.32489729,908.9794256,13781.20523,0,0,0,0,0,0.03004922,0.387319142,8.839234339,202.6772176,3348.663456,0.084826963,1.097947005,24.22671708,575.9918646,9191.739695,0,0,0,0,0,0.008517483,0.110003202,2.456344532,57.0985982,848.6761545,0.028637346,0.427222589,9.512249039,243.0253326,4322.498695,0,0,0,0,0,1735747.282,2850260.089,4483335.476,6546897.991,11655908.27,8854.991706,41844.62748,115600.8001,281606.2346,1056480.022,91055.94149,228277.1153,484828.6906,1005496.247,3387788.244,1877545.126,3071251.708,4540910.758,6837457.243,14064304.46,4157219.035,30540754.61,78943573.88,134353803.7,207471155.6,6292696.895,10227099.23,16860903.53,23279737.13,33012676.28,30092936.33,40155497.29,54057216.3,85511748.97,129992289.2,19404046.95,25243493.36,32136353.01,44627808.74,65540238.95,1589943.375,2357144.463,12578295.75,149947161.7,246355856,37919287.61,49200026.55,61937026.18,86443071.17,126982964.5,0,0,0,0,0,44439314.01,59317593.09,76817613.74,101751007.1,144576150.6,55903509.88,72626720.22,92711506.25,123158194.5,177079864.1,12525.66921,25687.27067,37593.26505,53300.50357,89320.48075,2574718.657,3330955.031,4208253.979,5888398.255,8694991.024,1822348.206,3202770.17,4839928.735,7862016.278,17095235.68,0,0,0,0,0
108,15794,0.172465633,2.244046626,46.00245346,1191.789072,17402.55773,0.003603721,0.057810732,1.242421914,29.22266356,526.619416,0.062045824,0.917435547,19.69193928,481.7274068,8120.492685,0.161587003,2.154779296,45.31941911,1106.628304,16285.43167,0.09659065,1.365112817,28.49551207,685.3065627,12868.72769,0.245173321,3.252229715,67.66870978,1570.076263,24499.73734,0.236894442,2.928506911,63.19534972,1425.632351,22465.43899,0.111355346,1.423802056,31.67405542,682.9760528,10534.65482,0.065386494,0.953782161,20.88085907,463.7141041,9314.46902,0.129463358,1.634466425,36.64472838,848.7109011,12626.80752,0,0,0,0,0,0.028007093,0.361173381,8.20745307,187.0541792,3059.189047,0.098810507,1.267330661,27.98375576,656.4028963,10269.68681,0,0,0,0,0,0.006961288,0.088581651,1.953680676,45.21310389,686.2367638,0.031896682,0.473966448,10.32429991,263.0344043,4589.941787,0,0,0,0,0,1793115.544,2878119.629,4469165.175,6469103.047,11301136.14,8299.214974,39230.25264,108477.629,264548.0673,1002791.448,101203.4746,229771.3464,469682.2487,956907.3709,3175300.783,1756916.702,2924659.585,4363281.869,6563649.498,13536576.54,3981585.662,29290007.12,75751371.8,128492731.4,198746888.6,6725072.188,10571836.86,16624452.63,22906716.77,32609025.38,26210792.18,35097209.99,47931746.26,80695129.82,124413737.2,17870036.78,23428379.24,30373619.43,44814667.89,67061820.51,1423297.634,2127688.747,11395686.13,135479614.3,223362259.8,31819727.34,41544095.28,52580901.77,73760904.81,109264218.5,0,0,0,0,0,38872027.4,52220470.27,67711203.65,90098703.99,128473976.4,55296509.32,71974952.33,92138547.71,124115263.2,179646628.6,4075.066937,9967.568356,15427.23691,22760.07737,42280.59362,2004869.542,2613935.46,3285247.68,4439883.407,6492988.942,1851113.542,3246156.159,4893204.391,7927497.494,17122814.21,0,0,0,0,0
